2,的
3,，
4,BOS
5,EOS
6,。
7,国
8,在
9,是
10,一
11,和
12,不
13,这
14,有
15,人
16,—
17,了
18,为
19,中
20,政
21,大
22,0
23,以
24,们
25,能
26,经
27,会
28,年
29,对
30,可
31,要
32,来
33,个
34,而
35,家
36,他
37,美
38,但
39,、
40,其
41,行
42,于
43,上
44,成
45,到
46,欧
47,地
48,也
49,如
50,1
51,力
52,出
53,发
54,2
55,将
56,济
57,实
58,多
59,所
60,主
61,时
62,民
63,法
64,现
65,利
66,全
67,资
68,）
69,（
70,方
71,生
72,些
73,自
74,我
75,因
76,更
77,斯
78,最
79,动
80,性
81,过
82,就
83,者
84,此
85,之
86,本
87,得
88,长
89,重
90,并
91,洲
92,新
93,化
94,“
95,”
96,制
97,定
98,机
99,业
100,加
101,用
102,e
103,与
104,同
105,度
106,前
107,分
108,a
109,进
110,作
111,持
112,增
113,世
114,公
115,当
116,事
117,产
118,应
119,后
120,下
121,都
122,体
123,正
124,然
125,金
126,果
127,理
128,关
129,面
130,它
131,高
132,治
133,问
134,府
135,部
136,比
137,样
138,及
139,无
140,外
141,意
142,策
143,入
144,提
145,相
146,平
147,n
148,从
149,基
150,合
151,界
152,导
153,i
154,已
155,题
156,场
157,期
158,需
159,战
160,种
161,特
162,目
163,还
164,o
165,决
166,管
167,义
168,权
169,变
170,数
171,球
172,保
173,区
174,r
175,亚
176,着
177,通
178,统
179,开
180,该
181,学
182,由
183,那
184,市
185,9
186,反
187,非
188,盟
189,被
190,联
191,工
192,尔
193,选
194,拉
195,领
196,支
197,德
198,没
199,说
200,克
201,间
202,总
203,务
204,受
205,任
206,明
207,率
208,投
209,内
210,代
211,巴
212,元
213,系
214,解
215,或
216,日
217,结
218,量
219,必
220,t
221,使
222,5
223,议
224,改
225,让
226,际
227,认
228,员
229,立
230,许
231,展
232,西
233,收
234,%
235,融
236,价
237,共
238,信
239,计
240,去
241,取
242,只
243,表
244,起
245,·
246,强
247,很
248,心
249,伊
250,社
251,确
252,情
253,向
254,么
255,常
256,危
257,低
258,达
259,论
260,求
261,争
262,l
263,债
264,好
265,易
266,：
267,施
268,失
269,未
270,点
271,3
272,里
273,何
274,约
275,少
276,造
277,今
278,s
279,教
280,程
281,等
282,建
283,罗
284,至
285,安
286,难
287,标
288,致
289,近
290,构
291,组
292,须
293,银
294,位
295,预
296,次
297,道
298,口
299,兰
300,续
301,益
302,式
303,十
304,规
305,源
306,助
307,格
308,则
309,两
310,马
311,英
312,革
313,8
314,影
315,接
316,供
317,险
318,效
319,普
320,币
321,尽
322,各
323,想
324,月
325,响
326,包
327,且
328,几
329,放
330,朗
331,党
332,极
333,做
334,货
335,4
336,阿
337,况
338,7
339,够
340,消
341,P
342,看
343,活
344,据
345,子
346,俄
347,仅
348,设
349,气
350,；
351,候
352,天
353,划
354,希
355,越
356,步
357,类
358,观
359,直
360,财
361,军
362,6
363,技
364,即
365,模
366,减
367,带
368,协
369,降
370,转
371,身
372,势
373,尼
374,别
375,交
376,值
377,给
378,第
379,项
380,布
381,存
382,创
383,印
384,获
385,核
386,再
387,东
388,根
389,显
390,风
391,水
392,？
393,物
394,税
395,仍
396,引
397,D
398,司
399,原
400,指
401,什
402,色
403,承
404,流
405,条
406,G
407,推
408,似
409,品
410,始
411,c
412,企
413,科
414,复
415,小
416,真
417,举
418,乎
419,织
420,处
421,望
422,u
423,括
424,术
425,调
426,担
427,手
428,列
429,案
430,三
431,远
432,d
433,众
434,境
435,贸
436,派
437,止
438,维
439,运
440,证
441,具
442,识
443,名
444,回
445,己
446,采
447,商
448,足
449,亿
450,�
451,m
452,费
453,威
454,随
455,报
456,首
457,h
458,二
459,严
460,知
461,件
462,却
463,略
464,命
465,言
466,令
467,速
468,服
469,.
470,形
471,富
472,万
473,纪
474,例
475,击
476,视
477,升
478,否
479,历
480,整
481,护
482,储
483,激
484,注
485,研
486,准
487,门
488,局
489,C
490,限
491,完
492,林
493,究
494,移
495,集
496,S
497,先
498,每
499,除
500,传
501,断
502,破
503,依
504,退
505,M
506,功
507,央
508,责
509,A
510,终
511,困
512,话
513,算
514,才
515,巨
516,奥
517,字
518,I
519,文
520,病
521,绝
522,育
523,负
524,稳
525,边
526,临
527,坦
528,海
529,太
530,款
531,把
532,础
533,态
534,感
535,甚
536,冲
537,突
538,往
539,土
540,监
541,竞
542,环
543,官
544,控
545,电
546,超
547,像
548,某
549,紧
550,备
551,路
552,缺
553,型
554,容
555,免
556,史
557,深
558,族
559,见
560,继
561,南
562,告
563,示
564,-
565,挑
566,判
567,压
568,息
569,诺
570,质
571,措
572,油
573,素
574,纳
575,考
576,象
577,级
578,愿
579,快
580,F
581,兴
582,扩
583,状
584,谈
585,参
586,排
587,女
588,单
589,独
590,打
591,医
592,切
593,称
594,试
595,劳
596,味
597,苏
598,又
599,占
600,北
601,败
602,伯
603,委
604,私
605,团
606,恐
607,弱
608,另
609,域
610,评
611,石
612,武
613,害
614,贷
615,衡
616,网
617,图
618,离
619,善
620,择
621,波
622,充
623,拥
624,疗
625,哈
626,份
627,g
628,头
629,暴
630,疑
631,胁
632,勒
633,沙
634,防
635,专
636,坏
637,思
638,宣
639,虑
640,农
641,器
642,清
643,避
644,y
645,卡
646,贫
647,便
648,干
649,满
650,段
651,律
652,迫
653,额
654,p
655,付
656,测
657,缩
658,你
659,广
660,张
661,验
662,胀
663,较
664,票
665,埃
666,T
667,层
668,腊
669,伦
670,庭
671,城
672,空
673,死
674,键
675,均
676,估
677,陷
678,短
679,述
680,互
681,束
682,卫
683,执
684,营
685,轻
686,精
687,台
688,队
689,错
690,周
691,》
692,《
693,朝
694,E
695,端
696,曾
697,景
698,b
699,走
700,股
701,裁
702,差
703,查
704,京
705,阻
706,她
707,福
708,四
709,穆
710,百
711,抗
712,叙
713,援
714,优
715,萨
716,鲜
717,儿
718,角
719,积
720,补
721,针
722,早
723,批
724,夫
725,哥
726,促
727,误
728,停
729,记
730,料
731,刺
732,帮
733,R
734,密
735,遭
736,f
737,院
738,B
739,健
740,线
741,药
742,剧
743,损
744,虽
745,群
746,围
747,顿
748,适
749,缓
750,脱
751,声
752,削
753,演
754,职
755,靠
756,老
757,念
758,杀
759,住
760,半
761,努
762,胜
763,食
764,士
765,汇
766,恶
767,席
768,范
769,乌
770,久
771,","
772,五
773,底
774,借
775,智
776,赤
777,待
778,抵
779,励
780,券
781,k
782,尤
783,配
784,吸
785,繁
786,v
787,鲁
788,落
789,倍
790,买
791,寻
792,潜
793,双
794,坚
795,找
796,康
797,班
798,塞
799,初
800,牙
801,释
802,神
803,序
804,N
805,奇
806,房
807,幅
808,阶
809,荣
810,办
811,塔
812,怖
813,肯
814,简
815,讨
816,灾
817,急
818,钱
819,爆
820,购
821,衰
822,客
823,车
824,趋
825,白
826,黎
827,左
828,耳
829,右
830,伴
831,连
832,谓
833,赖
834,著
835,警
836,救
837,米
838,留
839,邦
840,毫
841,宗
842,疾
843,碳
844,幸
845,热
846,童
847,习
848,刻
849,温
850,换
851,追
852,华
853,鼓
854,粹
855,居
856,罪
857,光
858,州
859,碍
860,固
861,户
862,索
863,置
864,背
865,逐
866,泛
867,姆
868,察
869,归
870,松
871,杂
872,讲
873,乏
874,犯
875,眼
876,穷
877,唯
878,训
879,良
880,媒
881,韩
882,假
883,守
884,烈
885,弹
886,竟
887,障
888,亡
889,默
890,乱
891,架
892,乐
893,闻
894,友
895,渐
896,染
897,翼
898,异
899,余
900,赢
901,禁
902,修
903,养
904,倒
905,征
906,迪
907,装
908,纽
909,莫
910,书
911,拒
912,袭
913,哪
914,燃
915,弃
916,节
917,裂
918,络
919,腐
920,伤
921,忧
922,游
923,洋
924,瑞
925,跨
926,瓦
927,爱
928,恰
929,永
930,花
931,斗
932,延
933,伙
934,遇
935,千
936,号
937,袖
938,既
939,审
940,古
941,欢
942,怀
943,侵
944,微
945,亲
946,蓄
947,O
948,诉
949,敦
950,崩
951,宪
952,跌
953,予
954,犹
955,毕
956,照
957,曼
958,刚
959,苦
960,H
961,觉
962,属
963,迅
964,恩
965,软
966,w
967,吉
968,灭
969,L
970,宽
971,墨
972,允
973,散
974,语
975,火
976,享
977,岛
978,森
979,签
980,毒
981,拿
982,惊
983,署
984,黑
985,细
986,吗
987,妇
988,旦
989,替
990,库
991,偿
992,启
993,峰
994,冷
995,站
996,J
997,振
998,析
999,盛
1000,忽
1001,映
1002,听
1003,托
1004,汗
1005,盖
1006,缘
1007,慢
1008,违
1009,典
1010,贝
1011,顾
1012,％
1013,呼
1014,邻
1015,恢
1016,露
1017,偏
1018,雷
1019,迎
1020,零
1021,含
1022,孩
1023,休
1024,毁
1025,概
1026,按
1027,梅
1028,陆
1029,室
1030,累
1031,售
1032,框
1033,录
1034,掌
1035,挥
1036,博
1037,遏
1038,师
1039,故
1040,菲
1041,贴
1042,灵
1043,溃
1044,涨
1045,宏
1046,糟
1047,督
1048,校
1049,攻
1050,荡
1051,摆
1052,献
1053,距
1054,崛
1055,脑
1056,痛
1057,盈
1058,诚
1059,圣
1060,怕
1061,艾
1062,答
1063,志
1064,遍
1065,涉
1066,诸
1067,症
1068,写
1069,混
1070,歧
1071,/
1072,贬
1073,怎
1074,滞
1075,纷
1076,夺
1077,输
1078,销
1079,透
1080,旧
1081,K
1082,访
1083,六
1084,逊
1085,呢
1086,操
1087,疫
1088,洛
1089,遗
1090,蒂
1091,驱
1092,旨
1093,齐
1094,绪
1095,片
1096,硬
1097,沃
1098,授
1099,符
1100,秩
1101,星
1102,敌
1103,翻
1104,轮
1105,雇
1106,W
1107,培
1108,丹
1109,彻
1110,尚
1111,患
1112,汽
1113,糕
1114,悲
1115,莱
1116,赛
1117,岁
1118,倾
1119,脆
1120,佳
1121,卢
1122,村
1123,贡
1124,港
1125,帝
1126,尊
1127,套
1128,迈
1129,辩
1130,麦
1131,弗
1132,润
1133,覆
1134,赫
1135,谁
1136,岗
1137,楚
1138,逃
1139,播
1140,扎
1141,赞
1142,喜
1143,奖
1144,山
1145,``
1146,聚
1147,男
1148,怪
1149,凯
1150,廷
1151,王
1152,迹
1153,秘
1154,昂
1155,母
1156,叶
1157,途
1158,膨
1159,潮
1160,隐
1161,抑
1162,污
1163,徒
1164,血
1165,艰
1166,词
1167,撒
1168,丧
1169,径
1170,八
1171,跟
1172,账
1173,沉
1174,摩
1175,龄
1176,浪
1177,U
1178,闭
1179,请
1180,z
1181,登
1182,般
1183,笔
1184,铁
1185,握
1186,勃
1187,宫
1188,迷
1189,湾
1190,季
1191,残
1192,迟
1193,龙
1194,熟
1195,暖
1196,刑
1197,触
1198,泡
1199,粮
1200,氧
1201,阵
1202,岸
1203,末
1204,誉
1205,庞
1206,慎
1207,撤
1208,折
1209,版
1210,怒
1211,胡
1212,捕
1213,贵
1214,顶
1215,音
1216,若
1217,泰
1218,扰
1219,九
1220,吁
1221,震
1222,飞
1223,描
1224,蒙
1225,麻
1226,暗
1227,草
1228,检
1229,掉
1230,丁
1231,谋
1232,裕
1233,句
1234,循
1235,鉴
1236,剩
1237,章
1238,罚
1239,沫
1240,薪
1241,塑
1242,暂
1243,野
1244,耗
1245,扭
1246,召
1247,炸
1248,镇
1249,拖
1250,僚
1251,读
1252,纵
1253,滋
1254,申
1255,孤
1256,兵
1257,拜
1258,遵
1259,探
1260,青
1261,逆
1262,焦
1263,香
1264,雄
1265,净
1266,副
1267,废
1268,趣
1269,萧
1270,绿
1271,坛
1272,座
1273,纠
1274,街
1275,皮
1276,嫩
1277,曲
1278,兑
1279,订
1280,渡
1281,扮
1282,省
1283,V
1284,佛
1285,苗
1286,堪
1287,妥
1288,冒
1289,阳
1290,链
1291,耶
1292,癌
1293,烟
1294,押
1295,厂
1296,舞
1297,宾
1298,愤
1299,捍
1300,植
1301,雅
1302,廉
1303,荷
1304,揭
1305,河
1306,梦
1307,惧
1308,父
1309,牌
1310,谷
1311,抱
1312,红
1313,杆
1314,射
1315,七
1316,狂
1317,颇
1318,频
1319,旅
1320,惠
1321,矛
1322,尝
1323,虚
1324,疲
1325,藏
1326,拯
1327,戏
1328,摇
1329,韦
1330,盾
1331,课
1332,顺
1333,抛
1334,沿
1335,煤
1336,杜
1337,航
1338,桥
1339,卖
1340,醒
1341,霍
1342,叛
1343,忍
1344,筑
1345,辑
1346,丰
1347,杰
1348,附
1349,茨
1350,伟
1351,屠
1352,届
1353,兄
1354,盘
1355,劲
1356,鱼
1357,幕
1358,黄
1359,截
1360,惩
1361,诊
1362,弟
1363,仿
1364,殖
1365,僵
1366,缅
1367,牲
1368,牛
1369,彼
1370,送
1371,御
1372,辞
1373,滑
1374,俗
1375,杠
1376,澳
1377,赋
1378,坐
1379,伐
1380,板
1381,乔
1382,甸
1383,桑
1384,劣
1385,仰
1386,隔
1387,…
1388,歌
1389,契
1390,脚
1391,介
1392,仇
1393,诱
1394,夏
1395,材
1396,孟
1397,抓
1398,兹
1399,巩
1400,封
1401,扬
1402,练
1403,斥
1404,渴
1405,坡
1406,佩
1407,卷
1408,园
1409,忘
1410,殊
1411,纸
1412,筹
1413,剂
1414,牺
1415,竭
1416,迁
1417,赶
1418,纯
1419,春
1420,)
1421,撑
1422,戈
1423,宝
1424,惯
1425,豪
1426,吃
1427,洁
1428,摧
1429,皇
1430,招
1431,捐
1432,枪
1433,翰
1434,帕
1435,滥
1436,(
1437,胞
1438,逻
1439,谢
1440,漫
1441,兼
1442,辛
1443,祖
1444,贾
1445,垄
1446,谨
1447,萎
1448,恨
1449,疟
1450,践
1451,忆
1452,洞
1453,耐
1454,惑
1455,烦
1456,慌
1457,涌
1458,堡
1459,惨
1460,x
1461,柏
1462,篇
1463,幻
1464,饥
1465,树
1466,奋
1467,晚
1468,丝
1469,愈
1470,冰
1471,－
1472,宜
1473,戴
1474,叫
1475,剥
1476,酷
1477,酬
1478,壁
1479,跃
1480,巧
1481,漏
1482,毛
1483,饱
1484,阴
1485,朋
1486,婚
1487,垒
1488,催
1489,艺
1490,尖
1491,匈
1492,肆
1493,敏
1494,块
1495,敢
1496,胆
1497,倡
1498,玛
1499,履
1500,罕
1501,驻
1502,怨
1503,泽
1504,欲
1505,狱
1506,遥
1507,弥
1508,’
1509,亦
1510,é
1511,静
1512,吹
1513,渠
1514,荒
1515,驾
1516,绕
1517,唐
1518,勇
1519,掩
1520,挤
1521,衷
1522,肥
1523,讽
1524,淡
1525,谴
1526,煽
1527,奉
1528,船
1529,庇
1530,剑
1531,轨
1532,厉
1533,~
1534,旗
1535,沦
1536,糖
1537,浮
1538,榜
1539,炭
1540,霸
1541,忠
1542,j
1543,糊
1544,乃
1545,页
1546,墙
1547,猛
1548,馆
1549,葡
1550,厌
1551,辱
1552,晰
1553,萄
1554,宰
1555,å
1556,厚
1557,裔
1558,欠
1559,妙
1560,踪
1561,肉
1562,递
1563,返
1564,稀
1565,填
1566,丑
1567,讯
1568,绩
1569,综
1570,菌
1571,饿
1572,呈
1573,骤
1574,披
1575,蔓
1576,董
1577,番
1578,穿
1579,隆
1580,骗
1581,峻
1582,雨
1583,笑
1584,津
1585,编
1586,礼
1587,欺
1588,捷
1589,矿
1590,凭
1591,狭
1592,屈
1593,床
1594,搜
1595,诞
1596,Y
1597,贯
1598,寿
1599,虫
1600,木
1601,砖
1602,潘
1603,虐
1604,牢
1605,赌
1606,俱
1607,匹
1608,丽
1609,洪
1610,店
1611,陈
1612,屋
1613,阁
1614,颠
1615,酒
1616,芬
1617,堂
1618,洗
1619,•
1620,饮
1621,牵
1622,堆
1623,夸
1624,靡
1625,庆
1626,灰
1627,吞
1628,汉
1629,挪
1630,沟
1631,旺
1632,恋
1633,画
1634,q
1635,岩
1636,田
1637,哲
1638,夜
1639,溢
1640,慨
1641,¾
1642,娜
1643,圈
1644,挽
1645,坎
1646,赚
1647,详
1648,！
1649,浓
1650,餐
1651,扣
1652,旱
1653,敬
1654,氏
1655,伪
1656,脏
1657,迄
1658,阱
1659,割
1660,烧
1661,李
1662,玩
1663,漠
1664,锁
1665,炎
1666,肃
1667,籍
1668,臣
1669,租
1670,顽
1671,碎
1672,卜
1673,衣
1674,钦
1675,钟
1676,æ
1677,悬
1678,浦
1679,偶
1680,奈
1681,彩
1682,壮
1683,胎
1684,崇
1685,凸
1686,询
1687,妨
1688,欣
1689,秀
1690,赐
1691,慈
1692,册
1693,寄
1694,拨
1695,宁
1696,携
1697,辅
1698,挠
1699,弊
1700,锡
1701,孕
1702,蛋
1703,ç
1704,镑
1705,厄
1706,惜
1707,愚
1708,横
1709,甘
1710,晋
1711,渔
1712,码
1713,婴
1714,孙
1715,庄
1716,旁
1717,隘
1718,慧
1719,慷
1720,侧
1721,弄
1722,薄
1723,沮
1724,缔
1725,擎
1726,蚀
1727,姿
1728,慑
1729,Q
1730,凝
1731,钢
1732,吨
1733,杯
1734,钩
1735,摄
1736,扫
1737,瞩
1738,魔
1739,奏
1740,旋
1741,载
1742,凡
1743,卓
1744,忙
1745,锐
1746,绑
1747,挣
1748,飙
1749,瓜
1750,衍
1751,壤
1752,骚
1753,傲
1754,奴
1755,挺
1756,仔
1757,伸
1758,悉
1759,磨
1760,挂
1761,攀
1762,羞
1763,驳
1764,缴
1765,歇
1766,乳
1767,绘
1768,卿
1769,轰
1770,涵
1771,君
1772,庸
1773,耻
1774,云
1775,箭
1776,寡
1777,泄
1778,拟
1779,尾
1780,舍
1781,肺
1782,谬
1783,挡
1784,邀
1785,悖
1786,誓
1787,舒
1788,挫
1789,搞
1790,睹
1791,蠢
1792,雪
1793,吧
1794,聪
1795,贪
1796,讼
1797,祉
1798,刊
1799,谎
1800,邪
1801,液
1802,冻
1803,郁
1804,吓
1805,涯
1806,抽
1807,脸
1808,扼
1809,辖
1810,飓
1811,ä
1812,晤
1813,咎
1814,遣
1815,邮
1816,铺
1817,柱
1818,辈
1819,亮
1820,乘
1821,饭
1822,粗
1823,涅
1824,乡
1825,炮
1826,泉
1827,伍
1828,佐
1829,邓
1830,蓝
1831,牧
1832,豫
1833,贩
1834,溯
1835,碰
1836,裸
1837,棋
1838,跳
1839,锋
1840,抨
1841,楼
1842,囚
1843,泥
1844,棘
1845,猜
1846,盲
1847,辜
1848,歉
1849,祝
1850,疏
1851,赠
1852,帐
1853,讶
1854,池
1855,扶
1856,宅
1857,亨
1858,慕
1859,粉
1860,饰
1861,桶
1862,稍
1863,募
1864,拔
1865,瑟
1866,忌
1867,役
1868,姓
1869,寨
1870,氛
1871,抬
1872,弈
1873,劫
1874,瘫
1875,拓
1876,魅
1877,疯
1878,辙
1879,貌
1880,痪
1881,逮
1882,亏
1883,炼
1884,盗
1885,妻
1886,玻
1887,逼
1888,詹
1889,啸
1890,窃
1891,宇
1892,晓
1893,镜
1894,尘
1895,刀
1896,Z
1897,拙
1898,颁
1899,箱
1900,踏
1901,阅
1902,丘
1903,垮
1904,抚
1905,抢
1906,钞
1907,蚊
1908,丢
1909,骨
1910,臭
1911,祸
1912,灯
1913,惕
1914,灌
1915,勾
1916,诈
1917,耀
1918,堕
1919,佣
1920,​
1921,罢
1922,凶
1923,赏
1924,莎
1925,魁
1926,珍
1927,偷
1928,添
1929,嫌
1930,戮
1931,仪
1932,川
1933,慰
1934,芝
1935,鲍
1936,塌
1937,蓬
1938,咨
1939,奠
1940,撰
1941,掠
1942,浅
1943,械
1944,仁
1945,虎
1946,纲
1947,冠
1948,捉
1949,朴
1950,柬
1951,谱
1952,捞
1953,辆
1954,豁
1955,伏
1956,瞻
1957,甲
1958,腾
1959,棒
1960,昭
1961,撞
1962,秋
1963,+
1964,舆
1965,衅
1966,幼
1967,猩
1968,钻
1969,孔
1970,拍
1971,井
1972,曝
1973,苹
1974,胖
1975,汲
1976,逢
1977,阀
1978,舰
1979,诗
1980,揽
1981,埔
1982,戒
1983,碑
1984,憾
1985,羊
1986,悄
1987,皆
1988,è
1989,聘
1990,赔
1991,奢
1992,奶
1993,侨
1994,硅
1995,蛮
1996,拢
1997,脊
1998,贿
1999,兆
2000,隶
2001,桌
2002,坝
2003,驶
2004,闲
2005,昔
2006,岌
2007,拆
2008,阐
2009,琳
2010,梁
2011,尿
2012,葛
2013,江
2014,谐
2015,畴
2016,掘
2017,夕
2018,喻
2019,疆
2020,喀
2021,铀
2022,郎
2023,冬
2024,鬼
2025,姻
2026,痕
2027,烂
2028,恒
2029,髓
2030,鸡
2031,坠
2032,蹈
2033,枯
2034,‘
2035,哀
2036,缚
2037,;
2038,酋
2039,泊
2040,埋
2041,叹
2042,腥
2043,闹
2044,挖
2045,℃
2046,勤
2047,腺
2048,拘
2049,朱
2050,菜
2051,婪
2052,绸
2053,拼
2054,渗
2055,堵
2056,串
2057,:
2058,熊
2059,擦
2060,腰
2061,掀
2062,崖
2063,狗
2064,徙
2065,抹
2066,耕
2067,宿
2068,跑
2069,侯
2070,豆
2071,呆
2072,唤
2073,妄
2074,笼
2075,阔
2076,柯
2077,囊
2078,敲
2079,窗
2080,粒
2081,懈
2082,嘲
2083,宙
2084,拾
2085,肩
2086,枚
2087,搭
2088,腹
2089,缠
2090,蔑
2091,午
2092,寸
2093,钉
2094,骄
2095,铭
2096,悔
2097,仗
2098,刷
2099,谍
2100,莽
2101,盯
2102,尸
2103,撮
2104,娱
2105,凌
2106,摊
2107,馈
2108,肘
2109,摸
2110,乍
2111,峙
2112,酿
2113,砍
2114,蔽
2115,锦
2116,X
2117,窄
2118,逝
2119,幽
2120,匿
2121,º
2122,槿
2123,裨
2124,仓
2125,氢
2126,茫
2127,儒
2128,篮
2129,垃
2130,圾
2131,苛
2132,颜
2133,唱
2134,奔
2135,侈
2136,槛
2137,肿
2138,筛
2139,€
2140,瓶
2141,彰
2142,卸
2143,眉
2144,辨
2145,躲
2146,垂
2147,濒
2148,厘
2149,赎
2150,畅
2151,酸
2152,玉
2153,鼠
2154,圆
2155,寥
2156,猪
2157,屿
2158,嘴
2159,葬
2160,旬
2161,鸣
2162,赴
2163,搁
2164,噩
2165,辉
2166,畏
2167,峡
2168,钓
2169,奸
2170,驰
2171,š
2172,屏
2173,饲
2174,脂
2175,擅
2176,肤
2177,懂
2178,黯
2179,忡
2180,翁
2181,绳
2182,鸟
2183,瘾
2184,怜
2185,淘
2186,枢
2187,颈
2188,漂
2189,辟
2190,攫
2191,酵
2192,寒
2193,茶
2194,匮
2195,档
2196,徘
2197,徊
2198,憎
2199,插
2200,颗
2201,喊
2202,您
2203,柔
2204,赂
2205,撕
2206,蒸
2207,搬
2208,厅
2209,遮
2210,喷
2211,斜
2212,俩
2213,纺
2214,勉
2215,艇
2216,侣
2217,畜
2218,滩
2219,妹
2220,衔
2221,迭
2222,朔
2223,译
2224,魂
2225,睡
2226,丈
2227,珠
2228,闪
2229,滚
2230,靖
2231,叠
2232,瘤
2233,谜
2234,汰
2235,溉
2236,冈
2237,尴
2238,尬
2239,尺
2240,寺
2241,¸
2242,俘
2243,恼
2244,渺
2245,圭
2246,肪
2247,霜
2248,[
2249,]
2250,痴
2251,咒
2252,陶
2253,熙
2254,脉
2255,缪
2256,昆
2257,螺
2258,仑
2259,涛
2260,仲
2261,屡
2262,淆
2263,鹰
2264,刘
2265,伎
2266,辐
2267,轴
2268,览
2269,谅
2270,袋
2271,舌
2272,巡
2273,悠
2274,罹
2275,喘
2276,掣
2277,雾
2278,鼎
2279,鼻
2280,纾
2281,诽
2282,谤
2283,铜
2284,寅
2285,„
2286,猎
2287,甩
2288,礁
2289,啻
2290,鸦
2291,愉
2292,剔
2293,坞
2294,澜
2295,睫
2296,澄
2297,嚣
2298,肝
2299,酝
2300,瞒
2301,淹
2302,韧
2303,缝
2304,湖
2305,敞
2306,梯
2307,狼
2308,咄
2309,ó
2310,艘
2311,盎
2312,栏
2313,柴
2314,赦
2315,Œ
2316,罩
2317,渊
2318,惮
2319,雀
2320,?
2321,鸿
2322,聊
2323,壳
2324,乙
2325,鲸
2326,墟
2327,»
2328,劝
2329,侮
2330,耸
2331,涂
2332,卑
2333,喝
2334,姐
2335,撼
2336,稻
2337,匆
2338,藉
2339,殆
2340,噬
2341,址
2342,臂
2343,犬
2344,躁
2345,芽
2346,毋
2347,扯
2348,阈
2349,悦
2350,勘
2351,¯
2352,掏
2353,跻
2354,姗
2355,°
2356,鲨
2357,巫
2358,琐
2359,裙
2360,囤
2361,齿
2362,顷
2363,腿
2364,窥
2365,醇
2366,妮
2367,刃
2368,兜
2369,绍
2370,磋
2371,倦
2372,肮
2373,蹂
2374,躏
2375,颂
2376,–
2377,氦
2378,眠
2379,爵
2380,蕴
2381,痹
2382,夷
2383,烷
2384,雕
2385,湿
2386,栖
2387,吵
2388,崭
2389,驯
2390,岭
2391,旷
2392,陌
2393,沾
2394,啡
2395,浩
2396,抉
2397,腕
2398,泻
2399,鹅
2400,œ
2401,夭
2402,á
2403,劾
2404,陪
2405,讳
2406,醉
2407,斤
2408,汤
2409,嘉
2410,娩
2411,珊
2412,冗
2413,笃
2414,姬
2415,逾
2416,咖
2417,碗
2418,莉
2419,稼
2420,卵
2421,Ž
2422,¼
2423,萌
2424,夹
2425,氓
2426,帜
2427,疹
2428,í
2429,胚
2430,寓
2431,倘
2432,骑
2433,―
2434,飘
2435,诀
2436,盐
2437,俑
2438,蜂
2439,郊
2440,犀
2441,炉
2442,兽
2443,喂
2444,骇
2445,斩
2446,县
2447,宠
2448,宛
2449,窘
2450,摒
2451,诫
2452,虔
2453,媲
2454,稽
2455,‚
2456,鄙
2457,滴
2458,谣
2459,睁
2460,枝
2461,彭
2462,杉
2463,贺
2464,颖
2465,帖
2466,颓
2467,锚
2468,删
2469,秒
2470,曙
2471,逍
2472,亟
2473,棉
2474,孱
2475,焚
2476,斑
2477,墓
2478,逸
2479,猫
2480,笨
2481,诡
2482,祈
2483,渎
2484,汹
2485,疼
2486,窟
2487,姑
2488,娅
2489,廊
2490,芒
2491,¹
2492,猖
2493,獗
2494,谦
2495,陋
2496,憧
2497,憬
2498,勋
2499,梵
2500,稚
2501,‰
2502,敛
2503,陵
2504,斐
2505,殴
2506,摘
2507,厢
2508,矶
2509,盼
2510,胃
2511,煌
2512,#
2513,淋
2514,掷
2515,扑
2516,孚
2517,狐
2518,谊
2519,蛇
2520,肾
2521,滤
2522,屑
2523,僧
2524,荐
2525,浸
2526,瞬
2527,拱
2528,聆
2529,甜
2530,砸
2531,睐
2532,惟
2533,悟
2534,叉
2535,凑
2536,蝇
2537,铸
2538,畸
2539,恭
2540,琼
2541,倪
2542,涡
2543,涩
2544,垫
2545,昧
2546,袒
2547,蔬
2548,栋
2549,咬
2550,驭
2551,喇
2552,嗤
2553,溺
2554,辍
2555,筋
2556,祭
2557,嫁
2558,秉
2559,鞋
2560,炫
2561,嘘
2562,磁
2563,铝
2564,肌
2565,噪
2566,宴
2567,饼
2568,纱
2569,侦
2570,&
2571,睛
2572,瘟
2573,巾
2574,踢
2575,­
2576,虏
2577,吻
2578,茂
2579,窝
2580,嫉
2581,扔
2582,丛
2583,爬
2584,琴
2585,‡
2586,惹
2587,嵌
2588,盆
2589,裹
2590,骂
2591,稿
2592,妈
2593,唾
2594,胸
2595,诅
2596,珀
2597,祷
2598,˜
2599,厦
2600,奎
2601,淫
2602,袤
2603,愧
2604,捏
2605,鹫
2606,½
2607,
2608,橙
2609,哺
2610,仙
2611,茅
2612,汀
2613,拳
2614,遴
2615,佬
2616,绊
2617,懒
2618,肚
2619,彦
2620,挨
2621,暇
2622,菅
2623,ã
2624,氮
2625,弦
2626,榨
2627,晨
2628,妓
2629,纤
2630,¿
2631,ˆ
2632,棱
2633,霉
2634,肇
2635,羡
2636,沼
2637,踵
2638,咋
2639,捆
2640,橄
2641,榄
2642,窒
2643,炒
2644,泪
2645,崎
2646,斡
2647,搅
2648,臃
2649,瑚
2650,溪
2651,磷
2652,´
2653,娃
2654,蹒
2655,跚
2656,匪
2657,蜜
2658,焕
2659,昨
2660,罔
2661,帽
2662,妖
2663,嘛
2664,猿
2665,赵
2666,浴
2667,ï
2668,饶
2669,晶
2670,弯
2671,贱
2672,爪
2673,啊
2674,勿
2675,诠
2676,伞
2677,禧
2678,歪
2679,昏
2680,晦
2681,盒
2682,兀
2683,倚
2684,攸
2685,绌
2686,浇
2687,壑
2688,ü
2689,铲
2690,帅
2691,庙
2692,芯
2693,棍
2694,泳
2695,拦
2696,捧
2697,狡
2698,膜
2699,紫
2700,
2701,巢
2702,<
2703,>
2704,柳
2705,绥
2706,裤
2707,蛊
2708,惰
2709,«
2710,朽
2711,坑
2712,戚
2713,喉
2714,趁
2715,桩
2716,羁
2717,觅
2718,¨
2719,¤
2720,潭
2721,羽
2722,堤
2723,硫
2724,竿
2725,凿
2726,躇
2727,衬
2728,狄
2729,缉
2730,肢
2731,殿
2732,昌
2733,ƒ
2734,亩
2735,娘
2736,荼
2737,鞭
2738,魏
2739,滨
2740,戛
2741,踩
2742,洒
2743,踌
2744,拷
2745,挟
2746,鸽
2747,姊
2748,¢
2749,忏
2750,剖
2751,株
2752,肠
2753,俯
2754,纹
2755,诋
2756,绵
2757,虾
2758,俭
2759,
2760,›
2761,¥
2762,禀
2763,爽
2764,刹
2765,粘
2766,矩
2767,矫
2768,肖
2769,喋
2770,磅
2771,剪
2772,逞
2773,挝
2774,诘
2775,硕
2776,痢
2777,吐
2778,Ÿ
2779,
2780,穴
2781,陀
2782,烙
2783,柄
2784,杭
2785,袱
2786,吝
2787,撇
2788,苟
2789,瞄
2790,毅
2791,椅
2792,萝
2793,撬
2794,恕
2795,锻
2796,铅
2797,胺
2798,
2799,玷
2800,吕
2801,迥
2802,哮
2803,浑
2804,熔
2805,傀
2806,儡
2807,恳
2808,浆
2809,觑
2810,熬
2811,恣
2812,焰
2813,藐
2814,氟
2815,哦
2816,侪
2817,扪
2818,婉
2819,谕
2820,祥
2821,痒
2822,鸭
2823,竹
2824,篱
2825,竖
2826,镕
2827,®
2828,皂
2829,缄
2830,魄
2831,诟
2832,胶
2833,隙
2834,锅
2835,蹶
2836,邸
2837,吴
2838,睦
2839,蚕
2840,_
2841,圳
2842,榷
2843,瘦
2844,怯
2845,砂
2846,à
2847,¶
2848,氯
2849,巅
2850,凉
2851,冯
2852,绰
2853,哨
2854,禽
2855,孵
2856,乞
2857,渥
2858,锈
2859,吊
2860,梭
2861,沈
2862,辕
2863,矢
2864,幌
2865,悼
2866,暧
2867,拐
2868,巷
2869,ö
2870,璃
2871,舟
2872,³
2873,艳
2874,蹊
2875,钵
2876,牟
2877,熄
2878,哭
2879,哗
2880,寂
2881,惶
2882,稣
2883,梗
2884,淀
2885,漩
2886,梳
2887,寝
2888,喧
2889,蒿
2890,坊
2891,傻
2892,刮
2893,苍
2894,帆
2895,鸠
2896,±
2897,伽
2898,沁
2899,§
2900,帷
2901,煎
2902,耿
2903,焉
2904,燥
2905,妒
2906,捣
2907,湄
2908,瞎
2909,晴
2910,俾
2911,蔡
2912,啦
2913,沛
2914,'
2915,钝
2916,遑
2917,毙
2918,蹴
2919,睿
2920,萦
2921,罐
2922,溶
2923,躬
2924,疮
2925,躯
2926,钚
2927,懦
2928,猾
2929,揣
2930,冕
2931,窍
2932,冤
2933,铎
2934,†
2935,紊
2936,疚
2937,薯
2938,襟
2939,殃
2940,弓
2941,闷
2942,奄
2943,钥
2944,烹
2945,惫
2946,蕾
2947,轩
2948,缕
2949,吾
2950,恪
2951,Š
2952,£
2953,™
2954,‹
2955,闯
2956,枕
2957,厨
2958,橡
2959,赁
2960,饪
2961,坟
2962,朵
2963,纭
2964,衫
2965,毗
2966,篷
2967,诛
2968,炬
2969,嗜
2970,敷
2971,跛
2972,躺
2973,讦
2974,猴
2975,雌
2976,狠
2977,厕
2978,栗
2979,雏
2980,灶
2981,啬
2982,稠
2983,亵
2984,沥
2985,µ
2986,²
2987,蒋
2988,瑰
2989,溜
2990,郭
2991,贼
2992,坷
2993,芭
2994,淖
2995,膳
2996,匙
2997,悚
2998,悍
2999,酗
3000,泵
3001,绞
3002,辄
3003,弭
3004,浏
3005,锤
3006,秃
3007,仆
3008,粪
3009,扇
3010,腔
3011,龟
3012,剃
3013,柜
3014,唉
3015,婆
3016,侍
3017,鹿
3018,涸
3019,羹
3020,黛
3021,轿
3022,丸
3023,函
3024,卧
3025,掺
3026,茁
3027,沸
3028,槽
3029,弘
3030,扳
3031,恙
3032,呕
3033,桎
3034,梏
3035,搏
3036,楷
3037,屁
3038,扁
3039,赅
3040,篡
3041,廓
3042,©
3043,¦
3044,烛
3045,谚
3046,匀
3047,墅
3048,辽
3049,藤
3050,暑
3051,枭
3052,斧
3053,拧
3054,酶
3055,膝
3056,匠
3057,靶
3058,矮
3059,缛
3060,舵
3061,棕
3062,皈
3063,宋
3064,哄
3065,汶
3066,蛛
3067,陡
3068,遂
3069,爸
3070,坍
3071,玫
3072,蜡
3073,燎
3074,噤
3075,簿
3076,芜
3077,叔
3078,聋
3079,癖
3080,碾
3081,黜
3082,棚
3083,骆
3084,洽
3085,囿
3086,坪
3087,瑕
3088,绒
3089,狸
3090,吟
3091,滔
3092,翅
3093,¡
3094,煞
3095,妊
3096,娠
3097,矣
3098,荫
3099,兢
3100,媚
3101,赡
3102,咫
3103,髦
3104,膏
3105,壕
3106,唆
3107,囹
3108,圄
3109,炙
3110,凄
3111,碌
3112,椭
3113,鹤
3114,蕉
3115,镀
3116,嘎
3117,镳
3118,耍
3119,洼
3120,谭
3121,翘
3122,叮
3123,氨
3124,郑
3125,亥
3126,嘱
3127,茵
3128,趸
3129,恫
3130,疵
3131,迦
3132,毯
3133,绎
3134,杞
3135,嚷
3136,咆
3137,粟
3138,杨
3139,萃
3140,痼
3141,诩
3142,冉
3143,舱
3144,霾
3145,阪
3146,枷
3147,舶
3148,懊
3149,泼
3150,藩
3151,殉
3152,丙
3153,臆
3154,嗅
3155,!
3156,藻
3157,夥
3158,恃
3159,瑙
3160,吠
3161,菊
3162,讧
3163,涓
3164,卒
3165,孜
3166,▪
3167,赘
3168,觊
3169,漆
3170,锢
3171,墉
3172,悯
3173,蹩
3174,袍
3175,弩
3176,弛
3177,锯
3178,簸
3179,襁
3180,褓
3181,甄
3182,昙
3183,碱
3184,唇
3185,爷
3186,歹
3187,狩
3188,绷
3189,瞪
3190,睬
3191,甫
3192,膀
3193,缭
3194,谙
3195,脾
3196,眈
3197,弧
3198,漓
3199,驼
3200,抄
3201,褪
3202,缸
3203,妆
3204,硝
3205,馅
3206,觎
3207,讥
3208,棵
3209,隧
3210,贻
3211,咳
3212,冀
3213,攒
3214,茄
3215,诧
3216,忱
3217,棺
3218,褒
3219,兔
3220,榈
3221,蔗
3222,跋
3223,戳
3224,滕
3225,咸
3226,狮
3227,厥
3228,笋
3229,蜕
3230,诵
3231,磕
3232,娼
3233,晒
3234,岔
3235,邃
3236,铃
3237,牒
3238,烁
3239,窜
3240,驴
3241,伺
3242,肋
3243,椎
3244,怂
3245,眩
3246,糙
3247,徕
3248,擂
3249,ñ
3250,咽
3251,赈
3252,烩
3253,摔
3254,亘
3255,铉
3256,栽
3257,奧
3258,侥
3259,呐
3260,蹲
3261,诃
3262,谟
3263,殷
3264,嫖
3265,阂
3266,¬
3267,怠
3268,冥
3269,铐
3270,窿
3271,钳
3272,涎
3273,啤
3274,缆
3275,鹜
3276,豹
3277,桀
3278,骜
3279,烤
3280,傅
3281,泾
3282,渭
3283,绽
3284,饵
3285,恿
3286,燕
3287,婿
3288,疤
3289,侄
3290,曰
3291,孽
3292,狙
3293,塘
3294,$
3295,氰
3296,汞
3297,徐
3298,峭
3299,禅
3300,蚁
3301,戟
3302,ž
3303,挚
3304,涝
3305,渣
3306,琉
3307,汪
3308,鞑
3309,靼
3310,桃
3311,缮
3312,趟
3313,牍
3314,鳄
3315,睢
3316,酪
3317,蔚
3318,韵
3319,痍
3320,庶
3321,罄
3322,喹
3323,禄
3324,蠕
3325,剿
3326,愁
3327,捡
3328,蛾
3329,猬
3330,祟
3331,贤
3332,斋
3333,鳌
3334,泣
3335,枉
3336,沧
3337,骸
3338,铤
3339,畔
3340,瞥
3341,蚂
3342,胰
3343,汁
3344,．
3345,啮
3346,ª
3347,迂
3348,诲
3349,耽
3350,僻
3351,纬
3352,罂
3353,垦
3354,岖
3355,拭
3356,孰
3357,泌
3358,矗
3359,吼
3360,贞
3361,掂
3362,抖
3363,喙
3364,赃
3365,剽
3366,碟
3367,蜗
3368,渲
3369,逗
3370,晃
3371,芙
3372,筒
3373,朦
3374,胧
3375,腻
3376,臼
3377,臻
3378,叨
3379,烯
3380,楔
3381,ł
3382,槃
3383,锥
3384,鳕
3385,啥
3386,媾
3387,笛
3388,瘠
3389,鳍
3390,烬
3391,砥
3392,傍
3393,阉
3394,谩
3395,淌
3396,缀
3397,譬
3398,讹
3399,脔
3400,岑
3401,辰
3402,鞠
3403,卦
3404,擘
3405,棣
3406,聒
3407,跪
3408,ğ
3409,踊
3410,乒
3411,蜘
3412,猝
3413,箴
3414,翔
3415,芦
3416,凋
3417,î
3418,睽
3419,锌
3420,崔
3421,郡
3422,颤
3423,笆
3424,芸
3425,É
3426,秽
3427,饽
3428,绅
3429,眨
3430,翩
3431,ú
3432,佼
3433,ê
3434,沌
3435,讷
3436,挞
3437,釜
3438,芥
3439,暮
3440,懑
3441,轧
3442,鱿
3443,灿
3444,酌
3445,聩
3446,韬
3447,霄
3448,侃
3449,诬
3450,蜃
3451,茧
3452,玄
3453,骼
3454,仕
3455,莲
3456,麓
3457,锰
3458,乓
3459,愕
3460,酯
3461,窠
3462,唬
3463,嚼
3464,癣
3465,晾
3466,穹
3467,沂
3468,胥
3469,醛
3470,夯
3471,掮
3472,忿
3473,涟
3474,漪
3475,掐
3476,乖
3477,苷
3478,砝
3479,糜
3480,妃
3481,痊
3482,拮
3483,揪
3484,湛
3485,磐
3486,肓
3487,肴
3488,晕
3489,戎
3490,猥
3491,沆
3492,瀣
3493,杖
3494,辣
3495,脖
3496,俨
3497,骎
3498,瘁
3499,纂
3500,沓
3501,冶
3502,拂
3503,狈
3504,踞
3505,汐
3506,虞
3507,惺
3508,砌
3509,俏
3510,屹
3511,岳
3512,镖
3513,隅
3514,摈
3515,涤
3516,葱
3517,潦
3518,苯
3519,葫
3520,蕞
3521,酮
3522,贮
3523,袁
3524,啃
3525,虹
3526,鸵
3527,谲
3528,沐
3529,闸
3530,攘
3531,刁
3532,寇
3533,拣
3534,盔
3535,瀑
3536,薛
3537,魇
3538,â
3539,ć
3540,琢
3541,癫
3542,瞧
3543,镣
3544,俊
3545,呃
3546,偕
3547,岿
3548,邵
3549,毡
3550,豢
3551,於
3552,簧
3553,愎
3554,蹄
3555,澡
3556,捅
3557,辗
3558,倔
3559,姨
3560,斟
3561,蝉
3562,铢
3563,庐
3564,凤
3565,炽
3566,蝗
3567,榴
3568,荧
3569,踯
3570,臬
3571,馏
3572,佑
3573,壶
3574,皱
3575,撷
3576,曹
3577,寐
3578,笞
3579,碘
3580,钨
3581,谑
3582,觞
3583,沪
3584,靓
3585,丐
3586,鳞
3587,莓
3588,揉
3589,酱
3590,锂
3591,簇
3592,耄
3593,耋
3594,歼
3595,ń
3596,烫
3597,孢
3598,撩
3599,麾
3600,搀
3601,黏
3602,靴
3603,恤
3604,@
3605,霆
3606,桂
3607,镶
3608,瞰
3609,奂
3610,乾
3611,‑
3612,０
3613,氚
3614,褐
3615,敝
3616,熏
3617,茉
3618,钧
3619,柿
3620,黔
3621,谛
3622,砷
3623,馑
3624,盏
3625,莹
3626,坤
3627,忾
3628,扛
3629,侠
3630,锒
3631,铛
3632,谄
3633,涣
3634,栈
3635,豚
3636,骛
3637,貉
3638,碧
3639,蝴
3640,蝶
3641,蟒
3642,湎
3643,钮
3644,孀
3645,惴
3646,膺
3647,槟
3648,嚎
3649,〕
3650,馁
3651,遐
3652,殚
3653,躅
3654,痫
3655,拗
3656,邱
3657,噱
3658,琅
3659,岐
3660,瀚
3661,陲
3662,娴
3663,吏
3664,咯
3665,瑜
3666,纫
3667,帑
3668,茜
3669,逡
3670,啧
3671,囱
3672,疽
3673,钴
3674,咙
3675,匝
3676,叭
3677,粥
3678,堑
3679,２
3680,糅
3681,孪
3682,寰
3683,捂
3684,﹒
3685,蚱
3686,疱
3687,膦
3688,屯
3689,Ö
3690,鲑
3691,瘸
3692,犷
3693,叩
3694,荆
3695,儆
3696,颅
3697,遁
3698,沽
3699,踝
3700,Ｇ
3701,Ｄ
3702,１
3703,９
3704,卉
3705,蘑
3706,菇
3707,嘈
3708,澎
3709,湃
3710,怡
3711,怼
3712,菁
3713,拈
3714,嗓
3715,跷
3716,兮
3717,灼
3718,蛙
3719,黩
3720,腑
3721,阑
3722,羸
3723,砾
3724,懵
3725,醋
3726,啄
3727,玲
3728,珑
3729,犁
3730,脓
3731,樟
3732,〔
3733,嬉
3734,蒲
3735,宵
3736,宕
3737,蝠
3738,轫
3739,ş
3740,蛰
3741,呵
3742,煮
3743,浊
3744,浙
3745,镌
3746,嗽
3747,焖
3748,骷
3749,髅
3750,钽
3751,啼
3752,蜿
3753,蜒
3754,弋
3755,嘶
3756,逛
3757,惘
3758,孳
3759,泯
3760,腮
3761,濑
3762,抒
3763,捶
3764,谔
3765,锏
3766,č
3767,腓
3768,芋
3769,蟑
3770,螂
3771,淤
3772,椒
3773,饷
3774,竣
3775,拽
3776,菱
3777,霹
3778,雳
3779,哇
3780,筝
3781,徳
3782,嘀
3783,钋
3784,嫡
3785,纰
3786,裴
3787,奚
3788,５
3789,刨
3790,葵
3791,茬
3792,镁
3793,脯
3794,谶
3795,祀
3796,ε
3797,臀
3798,卯
3799,=
3800,幡
3801,羔
3802,轶
3803,趾
3804,舅
3805,薇
3806,哑
3807,胳
3808,娇
3809,鹏
3810,垢
3811,舔
3812,焊
3813,蹋
3814,媳
3815,【
3816,】
3817,篑
3818,帘
3819,烘
3820,髋
3821,岂
3822,霖
3823,搪
3824,呻
3825,媛
3826,瓷
3827,暨
3828,缰
3829,镉
3830,唳
3831,熨
3832,湮
3833,麟
3834,扈
3835,炊
3836,痉
3837,挛
3838,迸
3839,淳
3840,ø
3841,卤
3842,莠
3843,鳐
3844,榻
3845,*
3846,娓
3847,钾
3848,恸
3849,榭
3850,珉
3851,侏
3852,惬
3853,偃
3854,箍
3855,婊
3856,×
3857,揶
3858,揄
3859,幢
3860,惭
3861,廖
3862,彗
3863,鲔
3864,椰
3865,恬
3866,舛
3867,谆
3868,曳
3869,痰
3870,馊
3871,熠
3872,擢
3873,熵
3874,彬
3875,汝
3876,蛀
3877,孝
3878,佃
3879,跤
3880,蹿
3881,栓
3882,疴
3883,眷
3884,眺
3885,鼬
3886,ľ
3887,茎
3888,咕
3889,骰
3890,婶
3891,韪
3892,稷
3893,啉
3894,氘
3895,暹
3896,˚
3897,蔼
3898,‧
3899,酣
3900,铩
3901,幺
3902,杏
3903,赳
3904,佯
3905,Ｐ
3906,寞
3907,厩
3908,铰
3909,诿
3910,梢
3911,秦
3912,倭
3913,篝
3914,粱
3915,讣
3916,瞠
3917,嵘
3918,膊
3919,鹦
3920,鹉
3921,凛
3922,赊
3923,淮
3924,舐
3925,皎
3926,鞅
3927,凰
3928,檀
3929,甥
3930,嚏
3931,秸
3932,鲼
3933,髙
3934,忐
3935,忑
3936,栅
3937,砺
3938,篓
3939,辘
3940,睾
3941,飚
3942,唠
3943,勺
3944,︰
3945,疥
3946,陨
3947,谀
3948,６
3949,籁
3950,樊
3951,窑
3952,鲣
3953,～
3954,渝
3955,筱
3956,驮
3957,恍
3958,粤
3959,刍
3960,悸
3961,铂
3962,鳃
3963,忒
3964,滇
3965,趴
3966,呜
3967,纣
3968,斓
3969,颐
3970,匍
3971,匐
3972,矜
3973,疡
3974,鞥
3975,惋
3976,哂
3977,诙
3978,羚
3979,稔
3980,钠
3981,搓
3982,蹭
3983,娶
3984,耙
3985,蜱
3986,痞
3987,僭
3988,邂
3989,逅
3990,柠
3991,檬
3992,侬
3993,旭
3994,亢
3995,昵
3996,垠
3997,铬
3998,镍
3999,薰
4000,踉
4001,跄
4002,搔
4003,钛
4004,牡
4005,蛎
4006,蔻
4007,幄
4008,搡
4009,ē
4010,徽
4011,茹
4012,呱
4013,噎
4014,葩
4015,彷
4016,尹
4017,哟
4018,尉
4019,茱
4020,筏
4021,・
4022,狞
4023,鰩
4024,帚
4025,蜚
4026,楠
4027,翠
4028,缥
4029,缈
4030,磺
4031,屎
4032,綏
4033,呛
4034,趔
4035,趄
4036,祇
4037,膛
4038,俎
4039,喽
4040,堰
4041,憔
4042,悴
4043,芳
4044,崴
4045,豌
4046,琦
4047,啰
4048,拴
4049,峥
4050,窖
4051,蛔
4052,烽
4053,蛹
4054,麋
4055,咱
4056,荦
4057,绚
4058,蜷
4059,擒
4060,攥
4061,涕
4062,陕
4063,瓣
4064,蠵
4065,瘴
4066,揩
4067,鞍
4068,肛
4069,胱
4070,溴
4071,亭
4072,龃
4073,龉
4074,钼
4075,寮
4076,鄂
4077,澈
4078,孺
4079,霓
4080,琏
4081,７
4082,襄
4083,篪
4084,萸
4085,莞
4086,蒜
4087,徇
4088,荏
4089,晖
4090,瓢
4091,荟
4092,忝
4093,炯
4094,徜
4095,徉
4096,诶
4097,β
4098,扒
4099,蟾
4100,皑
4101,狒
4102,昼
4103,蜻
4104,蜓
4105,憩
4106,褥
4107,嘟
4108,囔
4109,邑
4110,婢
4111,钶
4112,硒
4113,涮
4114,ı
4115,橘
4116,淇
4117,翌
4118,咀
4119,蹉
4120,跎
4121,绣
4122,抠
4123,啜
4124,桅
4125,绦
4126,嗡
4127,凹
4128,拎
4129,帙
4130,玺
4131,淅
4132,俟
4133,蹬
4134,鸩
4135,阙
4136,瘪
4137,壹
4138,嗟
4139,刽
4140,炖
4141,恺
4142,蝾
4143,螈
4144,籽
4145,衮
4146,阮
4147,喑
4148,噶
4149,珐
4150,咧
4151,蹑
4152,蜢
4153,葺
4154,維
4155,聂
4156,酰
4157,颧
4158,颚
4159,竽
4160,朊
4161,颌
4162,镰
4163,烃
4164,溅
4165,梨
4166,泱
4167,姚
4168,嗣
4169,吭
4170,焙
4171,磊
4172,桓
4173,慵
4174,镐
4175,嗝
4176,颦
4177,撸
4178,夙
4179,醍
4180,醐
4181,黝
4182,尧
4183,苔
4184,黠
4185,肼
4186,孛
4187,锣
4188,檄
4189,蛉
4190,闺
4191,呗
4192,俚
4193,絮
4194,哼
4195,拇
4196,叽
4197,喳
4198,笈
4199,蹦
4200,唁
4201,葆
4202,蝎
4203,祢
4204,奕
4205,捋
4206,豺
4207,杓
4208,岱
4209,蚤
4210,檐
4211,獭
4212,蜥
4213,蜴
4214,秧
4215,鏖
4216,嗯
4217,嘿
4218,虻
4219,祛
4220,妞
4221,袜
4222,匕
4223,陛
4224,狰
4225,钏
4226,翎
4227,鬃
4228,殇
4229,诏
4230,墩
4231,樱
4232,唑
4233,骡
4234,哔
4235,８
4236,３
4237,栩
4238,酚
4239,戾
4240,枞
4241,翡
4242,饺
4243,瘘
4244,Ａ
4245,硼
4246,舷
4247,镯
4248,癔
4249,劈
4250,樽
4251,稅
4252,摹
4253,鲠
4254,嗦
4255,屉
4256,囧
4257,萊
4258,狍
4259,哩
4260,螃
4261,蟹
4262,怙
4263,悛
4264,璜
4265,蹚
4266,冢
4267,幂
4268,哽
4269,妪
4270,氡
4271,掴
4272,嗔
4273,谘
4274,蹼
4275,鹬
4276,竺
4277,橹
4278,瞟
4279,晷
4280,龌
4281,龊
4282,轱
4283,掖
4284,嫂
4285,喔
4286,犸
4287,杵
4288,牾
4289,雍
4290,汜
4291,倨
4292,環
4293,椟
4294,燧
4295,佚
4296,浃
4297,雁
4298,睥
4299,睨
4300,昉
4301,踱
4302,娟
4303,祠
4304,闽
4305,斌
4306,鳗
4307,杳
4308,栉
4309,糯
4310,抡
4311,弑
4312,苒
4313,佗
4314,殍
4315,骐
4316,忸
4317,怩
4318,猞
4319,猁
4320,陴
4321,莅
4322,繽
4323,洄
4324,眶
4325,Ò
4326,蜍
4327,虱
4328,馋
4329,泗
4330,娿
4331,俦
4332,İ
4333,佰
4334,赭
4335,の
4336,钕
4337,镝
4338,铒
4339,铈
4340,哉
4341,娄
4342,驽
4343,缎
4344,馨
4345,圜
4346,盅
4347,愠
4348,Å
4349,靈
4350,渍
4351,萩
4352,敕
4353,秤
4354,蹙
4355,挈
4356,扉
4357,阡
4358,俳
4359,俺
4360,鸷
4361,腱
4362,牦
4363,敖
4364,藜
4365,蠹
4366,／
4367,艿
4368,禾
4369,濡
4370,麽
4371,凳
4372,匣
4373,蝌
4374,蚪
4375,耷
4376,琛
4377,湍
4378,痘
4379,肽
4380,疙
4381,瘩
4382,捱
4383,钙
4384,泞
4385,［
4386,］
4387,邋
4388,遢
4389,叼
4390,砰
4391,颞
4392,遨
4393,脍
4394,渤
4395,佞
4396,锄
4397,铆
4398,葚
4399,秣
4400,揠
4401,Ó
4402,札
4403,觐
4404,讫
4405,猕
4406,灸
4407,龈
4408,姣
4409,囫
4410,囵
4411,ō
4412,遛
4413,颊
4414,掳
4415,旃
4416,蕊
4417,辫
4418,娑
4419,剐
4420,纶
4421,锗
4422,镓
4423,芹
4424,殒
4425,霞
4426,颟
4427,顸
4428,拄
4429,魯
4430,薩
4431,赓
4432,唔
4433,増
4434,耘
4435,羌
4436,壬
4437,嗖
4438,皿
4439,笠
4440,谧
4441,刈
4442,铯
4443,袂
4444,蝙
4445,琵
4446,衲
4447,掰
4448,裆
4449,缢
4450,ë
4451,饴
4452,訇
4453,剞
4454,劂
4455,＆
4456,滓
4457,叵
4458,孑
4459,孓
4460,嶙
4461,峋
4462,痂
4463,铍
4464,鄢
4465,帼
4466,疝
4467,跬
4468,拌
4469,俸
4470,雉
4471,诤
4472,盥
4473,蟋
4474,蟀
4475,碲
4476,楞
4477,嬴
4478,粕
4479,鵟
4480,暄
4481,缤
4482,笹
4483,脐
4484,诣
4485,哎
4486,钌
4487,铱
4488,捭
4489,阖
4490,舀
4491,泮
4492,羟
4493,庖
4494,啕
4495,呲
4496,璧
4497,戕
4498,碜
4499,揿
4500,伥
4501,皓
4502,堙
4503,笫
4504,荚
4505,鳏
4506,坩
4507,埚
4508,溘
4509,藕
4510,藓
4511,爹
4512,肱
4513,憋
4514,蟊
4515,屐
4516,嘻
4517,Ｓ
4518,艮
4519,叱
4520,咤
4521,吩
4522,咐
4523,戍
4524,呀
4525,淼
4526,殄
4527,犊
4528,桨
4529,衿
4530,撺
4531,掇
4532,ô
4533,桔
4534,踹
4535,邡
4536,祁
4537,赝
4538,Т
4539,ы
4540,́
4541,н
4542,д
4543,а
4544,呓
4545,桦
4546,瞌
4547,û
4548,厮
4549,懋
4550,氅
4551,內
4552,馕
4553,酥
4554,娈
4555,嗨
4556,髻
4557,伶
4558,俐
4559,秆
4560,阎
4561,淑
4562,迩
4563,峪
4564,Í
4565,圉
4566,鲯
4567,鳅
4568,鳁
4569,鲷
4570,麝
4571,浚
4572,倜
4573,傥
4574,酩
4575,蚌
4576,腩
4577,咏
4578,藿
4579,À
4580,柑
4581,Ｍ
4582,誊
4583,叻
4584,餍
4585,筷
4586,冽
4587,吮
4588,罅
4589,嗑
4590,矍
4591,铄
4592,琥
4593,槁
4594,嗒
4595,坯
4596,禹
4597,捺
4598,忖
4599,锃
4600,Ú
4601,彪
4602,惆
4603,怅
4604,≤
4605,怆
4606,螨
4607,怦
4608,讴
4609,蘼
4610,瘙
4611,橱
4612,徨
4613,α
4614,桁
4615,烨
4616,巍
4617,氪
4618,氙
0,UNK
1,PAD
