的,2
，,3
BOS,4
EOS,5
。,6
国,7
在,8
是,9
一,10
和,11
不,12
这,13
有,14
人,15
—,16
了,17
为,18
中,19
政,20
大,21
0,22
以,23
们,24
能,25
经,26
会,27
年,28
对,29
可,30
要,31
来,32
个,33
而,34
家,35
他,36
美,37
但,38
、,39
其,40
行,41
于,42
上,43
成,44
到,45
欧,46
地,47
也,48
如,49
1,50
力,51
出,52
发,53
2,54
将,55
济,56
实,57
多,58
所,59
主,60
时,61
民,62
法,63
现,64
利,65
全,66
资,67
）,68
（,69
方,70
生,71
些,72
自,73
我,74
因,75
更,76
斯,77
最,78
动,79
性,80
过,81
就,82
者,83
此,84
之,85
本,86
得,87
长,88
重,89
并,90
洲,91
新,92
化,93
“,94
”,95
制,96
定,97
机,98
业,99
加,100
用,101
e,102
与,103
同,104
度,105
前,106
分,107
a,108
进,109
作,110
持,111
增,112
世,113
公,114
当,115
事,116
产,117
应,118
后,119
下,120
都,121
体,122
正,123
然,124
金,125
果,126
理,127
关,128
面,129
它,130
高,131
治,132
问,133
府,134
部,135
比,136
样,137
及,138
无,139
外,140
意,141
策,142
入,143
提,144
相,145
平,146
n,147
从,148
基,149
合,150
界,151
导,152
i,153
已,154
题,155
场,156
期,157
需,158
战,159
种,160
特,161
目,162
还,163
o,164
决,165
管,166
义,167
权,168
变,169
数,170
球,171
保,172
区,173
r,174
亚,175
着,176
通,177
统,178
开,179
该,180
学,181
由,182
那,183
市,184
9,185
反,186
非,187
盟,188
被,189
联,190
工,191
尔,192
选,193
拉,194
领,195
支,196
德,197
没,198
说,199
克,200
间,201
总,202
务,203
受,204
任,205
明,206
率,207
投,208
内,209
代,210
巴,211
元,212
系,213
解,214
或,215
日,216
结,217
量,218
必,219
t,220
使,221
5,222
议,223
改,224
让,225
际,226
认,227
员,228
立,229
许,230
展,231
西,232
收,233
%,234
融,235
价,236
共,237
信,238
计,239
去,240
取,241
只,242
表,243
起,244
·,245
强,246
很,247
心,248
伊,249
社,250
确,251
情,252
向,253
么,254
常,255
危,256
低,257
达,258
论,259
求,260
争,261
l,262
债,263
好,264
易,265
：,266
施,267
失,268
未,269
点,270
3,271
里,272
何,273
约,274
少,275
造,276
今,277
s,278
教,279
程,280
等,281
建,282
罗,283
至,284
安,285
难,286
标,287
致,288
近,289
构,290
组,291
须,292
银,293
位,294
预,295
次,296
道,297
口,298
兰,299
续,300
益,301
式,302
十,303
规,304
源,305
助,306
格,307
则,308
两,309
马,310
英,311
革,312
8,313
影,314
接,315
供,316
险,317
效,318
普,319
币,320
尽,321
各,322
想,323
月,324
响,325
包,326
且,327
几,328
放,329
朗,330
党,331
极,332
做,333
货,334
4,335
阿,336
况,337
7,338
够,339
消,340
P,341
看,342
活,343
据,344
子,345
俄,346
仅,347
设,348
气,349
；,350
候,351
天,352
划,353
希,354
越,355
步,356
类,357
观,358
直,359
财,360
军,361
6,362
技,363
即,364
模,365
减,366
带,367
协,368
降,369
转,370
身,371
势,372
尼,373
别,374
交,375
值,376
给,377
第,378
项,379
布,380
存,381
创,382
印,383
获,384
核,385
再,386
东,387
根,388
显,389
风,390
水,391
？,392
物,393
税,394
仍,395
引,396
D,397
司,398
原,399
指,400
什,401
色,402
承,403
流,404
条,405
G,406
推,407
似,408
品,409
始,410
c,411
企,412
科,413
复,414
小,415
真,416
举,417
乎,418
织,419
处,420
望,421
u,422
括,423
术,424
调,425
担,426
手,427
列,428
案,429
三,430
远,431
d,432
众,433
境,434
贸,435
派,436
止,437
维,438
运,439
证,440
具,441
识,442
名,443
回,444
己,445
采,446
商,447
足,448
亿,449
�,450
m,451
费,452
威,453
随,454
报,455
首,456
h,457
二,458
严,459
知,460
件,461
却,462
略,463
命,464
言,465
令,466
速,467
服,468
.,469
形,470
富,471
万,472
纪,473
例,474
击,475
视,476
升,477
否,478
历,479
整,480
护,481
储,482
激,483
注,484
研,485
准,486
门,487
局,488
C,489
限,490
完,491
林,492
究,493
移,494
集,495
S,496
先,497
每,498
除,499
传,500
断,501
破,502
依,503
退,504
M,505
功,506
央,507
责,508
A,509
终,510
困,511
话,512
算,513
才,514
巨,515
奥,516
字,517
I,518
文,519
病,520
绝,521
育,522
负,523
稳,524
边,525
临,526
坦,527
海,528
太,529
款,530
把,531
础,532
态,533
感,534
甚,535
冲,536
突,537
往,538
土,539
监,540
竞,541
环,542
官,543
控,544
电,545
超,546
像,547
某,548
紧,549
备,550
路,551
缺,552
型,553
容,554
免,555
史,556
深,557
族,558
见,559
继,560
南,561
告,562
示,563
-,564
挑,565
判,566
压,567
息,568
诺,569
质,570
措,571
油,572
素,573
纳,574
考,575
象,576
级,577
愿,578
快,579
F,580
兴,581
扩,582
状,583
谈,584
参,585
排,586
女,587
单,588
独,589
打,590
医,591
切,592
称,593
试,594
劳,595
味,596
苏,597
又,598
占,599
北,600
败,601
伯,602
委,603
私,604
团,605
恐,606
弱,607
另,608
域,609
评,610
石,611
武,612
害,613
贷,614
衡,615
网,616
图,617
离,618
善,619
择,620
波,621
充,622
拥,623
疗,624
哈,625
份,626
g,627
头,628
暴,629
疑,630
胁,631
勒,632
沙,633
防,634
专,635
坏,636
思,637
宣,638
虑,639
农,640
器,641
清,642
避,643
y,644
卡,645
贫,646
便,647
干,648
满,649
段,650
律,651
迫,652
额,653
p,654
付,655
测,656
缩,657
你,658
广,659
张,660
验,661
胀,662
较,663
票,664
埃,665
T,666
层,667
腊,668
伦,669
庭,670
城,671
空,672
死,673
键,674
均,675
估,676
陷,677
短,678
述,679
互,680
束,681
卫,682
执,683
营,684
轻,685
精,686
台,687
队,688
错,689
周,690
》,691
《,692
朝,693
E,694
端,695
曾,696
景,697
b,698
走,699
股,700
裁,701
差,702
查,703
京,704
阻,705
她,706
福,707
四,708
穆,709
百,710
抗,711
叙,712
援,713
优,714
萨,715
鲜,716
儿,717
角,718
积,719
补,720
针,721
早,722
批,723
夫,724
哥,725
促,726
误,727
停,728
记,729
料,730
刺,731
帮,732
R,733
密,734
遭,735
f,736
院,737
B,738
健,739
线,740
药,741
剧,742
损,743
虽,744
群,745
围,746
顿,747
适,748
缓,749
脱,750
声,751
削,752
演,753
职,754
靠,755
老,756
念,757
杀,758
住,759
半,760
努,761
胜,762
食,763
士,764
汇,765
恶,766
席,767
范,768
乌,769
久,770
",",771
五,772
底,773
借,774
智,775
赤,776
待,777
抵,778
励,779
券,780
k,781
尤,782
配,783
吸,784
繁,785
v,786
鲁,787
落,788
倍,789
买,790
寻,791
潜,792
双,793
坚,794
找,795
康,796
班,797
塞,798
初,799
牙,800
释,801
神,802
序,803
N,804
奇,805
房,806
幅,807
阶,808
荣,809
办,810
塔,811
怖,812
肯,813
简,814
讨,815
灾,816
急,817
钱,818
爆,819
购,820
衰,821
客,822
车,823
趋,824
白,825
黎,826
左,827
耳,828
右,829
伴,830
连,831
谓,832
赖,833
著,834
警,835
救,836
米,837
留,838
邦,839
毫,840
宗,841
疾,842
碳,843
幸,844
热,845
童,846
习,847
刻,848
温,849
换,850
追,851
华,852
鼓,853
粹,854
居,855
罪,856
光,857
州,858
碍,859
固,860
户,861
索,862
置,863
背,864
逐,865
泛,866
姆,867
察,868
归,869
松,870
杂,871
讲,872
乏,873
犯,874
眼,875
穷,876
唯,877
训,878
良,879
媒,880
韩,881
假,882
守,883
烈,884
弹,885
竟,886
障,887
亡,888
默,889
乱,890
架,891
乐,892
闻,893
友,894
渐,895
染,896
翼,897
异,898
余,899
赢,900
禁,901
修,902
养,903
倒,904
征,905
迪,906
装,907
纽,908
莫,909
书,910
拒,911
袭,912
哪,913
燃,914
弃,915
节,916
裂,917
络,918
腐,919
伤,920
忧,921
游,922
洋,923
瑞,924
跨,925
瓦,926
爱,927
恰,928
永,929
花,930
斗,931
延,932
伙,933
遇,934
千,935
号,936
袖,937
既,938
审,939
古,940
欢,941
怀,942
侵,943
微,944
亲,945
蓄,946
O,947
诉,948
敦,949
崩,950
宪,951
跌,952
予,953
犹,954
毕,955
照,956
曼,957
刚,958
苦,959
H,960
觉,961
属,962
迅,963
恩,964
软,965
w,966
吉,967
灭,968
L,969
宽,970
墨,971
允,972
散,973
语,974
火,975
享,976
岛,977
森,978
签,979
毒,980
拿,981
惊,982
署,983
黑,984
细,985
吗,986
妇,987
旦,988
替,989
库,990
偿,991
启,992
峰,993
冷,994
站,995
J,996
振,997
析,998
盛,999
忽,1000
映,1001
听,1002
托,1003
汗,1004
盖,1005
缘,1006
慢,1007
违,1008
典,1009
贝,1010
顾,1011
％,1012
呼,1013
邻,1014
恢,1015
露,1016
偏,1017
雷,1018
迎,1019
零,1020
含,1021
孩,1022
休,1023
毁,1024
概,1025
按,1026
梅,1027
陆,1028
室,1029
累,1030
售,1031
框,1032
录,1033
掌,1034
挥,1035
博,1036
遏,1037
师,1038
故,1039
菲,1040
贴,1041
灵,1042
溃,1043
涨,1044
宏,1045
糟,1046
督,1047
校,1048
攻,1049
荡,1050
摆,1051
献,1052
距,1053
崛,1054
脑,1055
痛,1056
盈,1057
诚,1058
圣,1059
怕,1060
艾,1061
答,1062
志,1063
遍,1064
涉,1065
诸,1066
症,1067
写,1068
混,1069
歧,1070
/,1071
贬,1072
怎,1073
滞,1074
纷,1075
夺,1076
输,1077
销,1078
透,1079
旧,1080
K,1081
访,1082
六,1083
逊,1084
呢,1085
操,1086
疫,1087
洛,1088
遗,1089
蒂,1090
驱,1091
旨,1092
齐,1093
绪,1094
片,1095
硬,1096
沃,1097
授,1098
符,1099
秩,1100
星,1101
敌,1102
翻,1103
轮,1104
雇,1105
W,1106
培,1107
丹,1108
彻,1109
尚,1110
患,1111
汽,1112
糕,1113
悲,1114
莱,1115
赛,1116
岁,1117
倾,1118
脆,1119
佳,1120
卢,1121
村,1122
贡,1123
港,1124
帝,1125
尊,1126
套,1127
迈,1128
辩,1129
麦,1130
弗,1131
润,1132
覆,1133
赫,1134
谁,1135
岗,1136
楚,1137
逃,1138
播,1139
扎,1140
赞,1141
喜,1142
奖,1143
山,1144
``,1145
聚,1146
男,1147
怪,1148
凯,1149
廷,1150
王,1151
迹,1152
秘,1153
昂,1154
母,1155
叶,1156
途,1157
膨,1158
潮,1159
隐,1160
抑,1161
污,1162
徒,1163
血,1164
艰,1165
词,1166
撒,1167
丧,1168
径,1169
八,1170
跟,1171
账,1172
沉,1173
摩,1174
龄,1175
浪,1176
U,1177
闭,1178
请,1179
z,1180
登,1181
般,1182
笔,1183
铁,1184
握,1185
勃,1186
宫,1187
迷,1188
湾,1189
季,1190
残,1191
迟,1192
龙,1193
熟,1194
暖,1195
刑,1196
触,1197
泡,1198
粮,1199
氧,1200
阵,1201
岸,1202
末,1203
誉,1204
庞,1205
慎,1206
撤,1207
折,1208
版,1209
怒,1210
胡,1211
捕,1212
贵,1213
顶,1214
音,1215
若,1216
泰,1217
扰,1218
九,1219
吁,1220
震,1221
飞,1222
描,1223
蒙,1224
麻,1225
暗,1226
草,1227
检,1228
掉,1229
丁,1230
谋,1231
裕,1232
句,1233
循,1234
鉴,1235
剩,1236
章,1237
罚,1238
沫,1239
薪,1240
塑,1241
暂,1242
野,1243
耗,1244
扭,1245
召,1246
炸,1247
镇,1248
拖,1249
僚,1250
读,1251
纵,1252
滋,1253
申,1254
孤,1255
兵,1256
拜,1257
遵,1258
探,1259
青,1260
逆,1261
焦,1262
香,1263
雄,1264
净,1265
副,1266
废,1267
趣,1268
萧,1269
绿,1270
坛,1271
座,1272
纠,1273
街,1274
皮,1275
嫩,1276
曲,1277
兑,1278
订,1279
渡,1280
扮,1281
省,1282
V,1283
佛,1284
苗,1285
堪,1286
妥,1287
冒,1288
阳,1289
链,1290
耶,1291
癌,1292
烟,1293
押,1294
厂,1295
舞,1296
宾,1297
愤,1298
捍,1299
植,1300
雅,1301
廉,1302
荷,1303
揭,1304
河,1305
梦,1306
惧,1307
父,1308
牌,1309
谷,1310
抱,1311
红,1312
杆,1313
射,1314
七,1315
狂,1316
颇,1317
频,1318
旅,1319
惠,1320
矛,1321
尝,1322
虚,1323
疲,1324
藏,1325
拯,1326
戏,1327
摇,1328
韦,1329
盾,1330
课,1331
顺,1332
抛,1333
沿,1334
煤,1335
杜,1336
航,1337
桥,1338
卖,1339
醒,1340
霍,1341
叛,1342
忍,1343
筑,1344
辑,1345
丰,1346
杰,1347
附,1348
茨,1349
伟,1350
屠,1351
届,1352
兄,1353
盘,1354
劲,1355
鱼,1356
幕,1357
黄,1358
截,1359
惩,1360
诊,1361
弟,1362
仿,1363
殖,1364
僵,1365
缅,1366
牲,1367
牛,1368
彼,1369
送,1370
御,1371
辞,1372
滑,1373
俗,1374
杠,1375
澳,1376
赋,1377
坐,1378
伐,1379
板,1380
乔,1381
甸,1382
桑,1383
劣,1384
仰,1385
隔,1386
…,1387
歌,1388
契,1389
脚,1390
介,1391
仇,1392
诱,1393
夏,1394
材,1395
孟,1396
抓,1397
兹,1398
巩,1399
封,1400
扬,1401
练,1402
斥,1403
渴,1404
坡,1405
佩,1406
卷,1407
园,1408
忘,1409
殊,1410
纸,1411
筹,1412
剂,1413
牺,1414
竭,1415
迁,1416
赶,1417
纯,1418
春,1419
),1420
撑,1421
戈,1422
宝,1423
惯,1424
豪,1425
吃,1426
洁,1427
摧,1428
皇,1429
招,1430
捐,1431
枪,1432
翰,1433
帕,1434
滥,1435
(,1436
胞,1437
逻,1438
谢,1439
漫,1440
兼,1441
辛,1442
祖,1443
贾,1444
垄,1445
谨,1446
萎,1447
恨,1448
疟,1449
践,1450
忆,1451
洞,1452
耐,1453
惑,1454
烦,1455
慌,1456
涌,1457
堡,1458
惨,1459
x,1460
柏,1461
篇,1462
幻,1463
饥,1464
树,1465
奋,1466
晚,1467
丝,1468
愈,1469
冰,1470
－,1471
宜,1472
戴,1473
叫,1474
剥,1475
酷,1476
酬,1477
壁,1478
跃,1479
巧,1480
漏,1481
毛,1482
饱,1483
阴,1484
朋,1485
婚,1486
垒,1487
催,1488
艺,1489
尖,1490
匈,1491
肆,1492
敏,1493
块,1494
敢,1495
胆,1496
倡,1497
玛,1498
履,1499
罕,1500
驻,1501
怨,1502
泽,1503
欲,1504
狱,1505
遥,1506
弥,1507
’,1508
亦,1509
é,1510
静,1511
吹,1512
渠,1513
荒,1514
驾,1515
绕,1516
唐,1517
勇,1518
掩,1519
挤,1520
衷,1521
肥,1522
讽,1523
淡,1524
谴,1525
煽,1526
奉,1527
船,1528
庇,1529
剑,1530
轨,1531
厉,1532
~,1533
旗,1534
沦,1535
糖,1536
浮,1537
榜,1538
炭,1539
霸,1540
忠,1541
j,1542
糊,1543
乃,1544
页,1545
墙,1546
猛,1547
馆,1548
葡,1549
厌,1550
辱,1551
晰,1552
萄,1553
宰,1554
å,1555
厚,1556
裔,1557
欠,1558
妙,1559
踪,1560
肉,1561
递,1562
返,1563
稀,1564
填,1565
丑,1566
讯,1567
绩,1568
综,1569
菌,1570
饿,1571
呈,1572
骤,1573
披,1574
蔓,1575
董,1576
番,1577
穿,1578
隆,1579
骗,1580
峻,1581
雨,1582
笑,1583
津,1584
编,1585
礼,1586
欺,1587
捷,1588
矿,1589
凭,1590
狭,1591
屈,1592
床,1593
搜,1594
诞,1595
Y,1596
贯,1597
寿,1598
虫,1599
木,1600
砖,1601
潘,1602
虐,1603
牢,1604
赌,1605
俱,1606
匹,1607
丽,1608
洪,1609
店,1610
陈,1611
屋,1612
阁,1613
颠,1614
酒,1615
芬,1616
堂,1617
洗,1618
•,1619
饮,1620
牵,1621
堆,1622
夸,1623
靡,1624
庆,1625
灰,1626
吞,1627
汉,1628
挪,1629
沟,1630
旺,1631
恋,1632
画,1633
q,1634
岩,1635
田,1636
哲,1637
夜,1638
溢,1639
慨,1640
¾,1641
娜,1642
圈,1643
挽,1644
坎,1645
赚,1646
详,1647
！,1648
浓,1649
餐,1650
扣,1651
旱,1652
敬,1653
氏,1654
伪,1655
脏,1656
迄,1657
阱,1658
割,1659
烧,1660
李,1661
玩,1662
漠,1663
锁,1664
炎,1665
肃,1666
籍,1667
臣,1668
租,1669
顽,1670
碎,1671
卜,1672
衣,1673
钦,1674
钟,1675
æ,1676
悬,1677
浦,1678
偶,1679
奈,1680
彩,1681
壮,1682
胎,1683
崇,1684
凸,1685
询,1686
妨,1687
欣,1688
秀,1689
赐,1690
慈,1691
册,1692
寄,1693
拨,1694
宁,1695
携,1696
辅,1697
挠,1698
弊,1699
锡,1700
孕,1701
蛋,1702
ç,1703
镑,1704
厄,1705
惜,1706
愚,1707
横,1708
甘,1709
晋,1710
渔,1711
码,1712
婴,1713
孙,1714
庄,1715
旁,1716
隘,1717
慧,1718
慷,1719
侧,1720
弄,1721
薄,1722
沮,1723
缔,1724
擎,1725
蚀,1726
姿,1727
慑,1728
Q,1729
凝,1730
钢,1731
吨,1732
杯,1733
钩,1734
摄,1735
扫,1736
瞩,1737
魔,1738
奏,1739
旋,1740
载,1741
凡,1742
卓,1743
忙,1744
锐,1745
绑,1746
挣,1747
飙,1748
瓜,1749
衍,1750
壤,1751
骚,1752
傲,1753
奴,1754
挺,1755
仔,1756
伸,1757
悉,1758
磨,1759
挂,1760
攀,1761
羞,1762
驳,1763
缴,1764
歇,1765
乳,1766
绘,1767
卿,1768
轰,1769
涵,1770
君,1771
庸,1772
耻,1773
云,1774
箭,1775
寡,1776
泄,1777
拟,1778
尾,1779
舍,1780
肺,1781
谬,1782
挡,1783
邀,1784
悖,1785
誓,1786
舒,1787
挫,1788
搞,1789
睹,1790
蠢,1791
雪,1792
吧,1793
聪,1794
贪,1795
讼,1796
祉,1797
刊,1798
谎,1799
邪,1800
液,1801
冻,1802
郁,1803
吓,1804
涯,1805
抽,1806
脸,1807
扼,1808
辖,1809
飓,1810
ä,1811
晤,1812
咎,1813
遣,1814
邮,1815
铺,1816
柱,1817
辈,1818
亮,1819
乘,1820
饭,1821
粗,1822
涅,1823
乡,1824
炮,1825
泉,1826
伍,1827
佐,1828
邓,1829
蓝,1830
牧,1831
豫,1832
贩,1833
溯,1834
碰,1835
裸,1836
棋,1837
跳,1838
锋,1839
抨,1840
楼,1841
囚,1842
泥,1843
棘,1844
猜,1845
盲,1846
辜,1847
歉,1848
祝,1849
疏,1850
赠,1851
帐,1852
讶,1853
池,1854
扶,1855
宅,1856
亨,1857
慕,1858
粉,1859
饰,1860
桶,1861
稍,1862
募,1863
拔,1864
瑟,1865
忌,1866
役,1867
姓,1868
寨,1869
氛,1870
抬,1871
弈,1872
劫,1873
瘫,1874
拓,1875
魅,1876
疯,1877
辙,1878
貌,1879
痪,1880
逮,1881
亏,1882
炼,1883
盗,1884
妻,1885
玻,1886
逼,1887
詹,1888
啸,1889
窃,1890
宇,1891
晓,1892
镜,1893
尘,1894
刀,1895
Z,1896
拙,1897
颁,1898
箱,1899
踏,1900
阅,1901
丘,1902
垮,1903
抚,1904
抢,1905
钞,1906
蚊,1907
丢,1908
骨,1909
臭,1910
祸,1911
灯,1912
惕,1913
灌,1914
勾,1915
诈,1916
耀,1917
堕,1918
佣,1919
​,1920
罢,1921
凶,1922
赏,1923
莎,1924
魁,1925
珍,1926
偷,1927
添,1928
嫌,1929
戮,1930
仪,1931
川,1932
慰,1933
芝,1934
鲍,1935
塌,1936
蓬,1937
咨,1938
奠,1939
撰,1940
掠,1941
浅,1942
械,1943
仁,1944
虎,1945
纲,1946
冠,1947
捉,1948
朴,1949
柬,1950
谱,1951
捞,1952
辆,1953
豁,1954
伏,1955
瞻,1956
甲,1957
腾,1958
棒,1959
昭,1960
撞,1961
秋,1962
+,1963
舆,1964
衅,1965
幼,1966
猩,1967
钻,1968
孔,1969
拍,1970
井,1971
曝,1972
苹,1973
胖,1974
汲,1975
逢,1976
阀,1977
舰,1978
诗,1979
揽,1980
埔,1981
戒,1982
碑,1983
憾,1984
羊,1985
悄,1986
皆,1987
è,1988
聘,1989
赔,1990
奢,1991
奶,1992
侨,1993
硅,1994
蛮,1995
拢,1996
脊,1997
贿,1998
兆,1999
隶,2000
桌,2001
坝,2002
驶,2003
闲,2004
昔,2005
岌,2006
拆,2007
阐,2008
琳,2009
梁,2010
尿,2011
葛,2012
江,2013
谐,2014
畴,2015
掘,2016
夕,2017
喻,2018
疆,2019
喀,2020
铀,2021
郎,2022
冬,2023
鬼,2024
姻,2025
痕,2026
烂,2027
恒,2028
髓,2029
鸡,2030
坠,2031
蹈,2032
枯,2033
‘,2034
哀,2035
缚,2036
;,2037
酋,2038
泊,2039
埋,2040
叹,2041
腥,2042
闹,2043
挖,2044
℃,2045
勤,2046
腺,2047
拘,2048
朱,2049
菜,2050
婪,2051
绸,2052
拼,2053
渗,2054
堵,2055
串,2056
:,2057
熊,2058
擦,2059
腰,2060
掀,2061
崖,2062
狗,2063
徙,2064
抹,2065
耕,2066
宿,2067
跑,2068
侯,2069
豆,2070
呆,2071
唤,2072
妄,2073
笼,2074
阔,2075
柯,2076
囊,2077
敲,2078
窗,2079
粒,2080
懈,2081
嘲,2082
宙,2083
拾,2084
肩,2085
枚,2086
搭,2087
腹,2088
缠,2089
蔑,2090
午,2091
寸,2092
钉,2093
骄,2094
铭,2095
悔,2096
仗,2097
刷,2098
谍,2099
莽,2100
盯,2101
尸,2102
撮,2103
娱,2104
凌,2105
摊,2106
馈,2107
肘,2108
摸,2109
乍,2110
峙,2111
酿,2112
砍,2113
蔽,2114
锦,2115
X,2116
窄,2117
逝,2118
幽,2119
匿,2120
º,2121
槿,2122
裨,2123
仓,2124
氢,2125
茫,2126
儒,2127
篮,2128
垃,2129
圾,2130
苛,2131
颜,2132
唱,2133
奔,2134
侈,2135
槛,2136
肿,2137
筛,2138
€,2139
瓶,2140
彰,2141
卸,2142
眉,2143
辨,2144
躲,2145
垂,2146
濒,2147
厘,2148
赎,2149
畅,2150
酸,2151
玉,2152
鼠,2153
圆,2154
寥,2155
猪,2156
屿,2157
嘴,2158
葬,2159
旬,2160
鸣,2161
赴,2162
搁,2163
噩,2164
辉,2165
畏,2166
峡,2167
钓,2168
奸,2169
驰,2170
š,2171
屏,2172
饲,2173
脂,2174
擅,2175
肤,2176
懂,2177
黯,2178
忡,2179
翁,2180
绳,2181
鸟,2182
瘾,2183
怜,2184
淘,2185
枢,2186
颈,2187
漂,2188
辟,2189
攫,2190
酵,2191
寒,2192
茶,2193
匮,2194
档,2195
徘,2196
徊,2197
憎,2198
插,2199
颗,2200
喊,2201
您,2202
柔,2203
赂,2204
撕,2205
蒸,2206
搬,2207
厅,2208
遮,2209
喷,2210
斜,2211
俩,2212
纺,2213
勉,2214
艇,2215
侣,2216
畜,2217
滩,2218
妹,2219
衔,2220
迭,2221
朔,2222
译,2223
魂,2224
睡,2225
丈,2226
珠,2227
闪,2228
滚,2229
靖,2230
叠,2231
瘤,2232
谜,2233
汰,2234
溉,2235
冈,2236
尴,2237
尬,2238
尺,2239
寺,2240
¸,2241
俘,2242
恼,2243
渺,2244
圭,2245
肪,2246
霜,2247
[,2248
],2249
痴,2250
咒,2251
陶,2252
熙,2253
脉,2254
缪,2255
昆,2256
螺,2257
仑,2258
涛,2259
仲,2260
屡,2261
淆,2262
鹰,2263
刘,2264
伎,2265
辐,2266
轴,2267
览,2268
谅,2269
袋,2270
舌,2271
巡,2272
悠,2273
罹,2274
喘,2275
掣,2276
雾,2277
鼎,2278
鼻,2279
纾,2280
诽,2281
谤,2282
铜,2283
寅,2284
„,2285
猎,2286
甩,2287
礁,2288
啻,2289
鸦,2290
愉,2291
剔,2292
坞,2293
澜,2294
睫,2295
澄,2296
嚣,2297
肝,2298
酝,2299
瞒,2300
淹,2301
韧,2302
缝,2303
湖,2304
敞,2305
梯,2306
狼,2307
咄,2308
ó,2309
艘,2310
盎,2311
栏,2312
柴,2313
赦,2314
Œ,2315
罩,2316
渊,2317
惮,2318
雀,2319
?,2320
鸿,2321
聊,2322
壳,2323
乙,2324
鲸,2325
墟,2326
»,2327
劝,2328
侮,2329
耸,2330
涂,2331
卑,2332
喝,2333
姐,2334
撼,2335
稻,2336
匆,2337
藉,2338
殆,2339
噬,2340
址,2341
臂,2342
犬,2343
躁,2344
芽,2345
毋,2346
扯,2347
阈,2348
悦,2349
勘,2350
¯,2351
掏,2352
跻,2353
姗,2354
°,2355
鲨,2356
巫,2357
琐,2358
裙,2359
囤,2360
齿,2361
顷,2362
腿,2363
窥,2364
醇,2365
妮,2366
刃,2367
兜,2368
绍,2369
磋,2370
倦,2371
肮,2372
蹂,2373
躏,2374
颂,2375
–,2376
氦,2377
眠,2378
爵,2379
蕴,2380
痹,2381
夷,2382
烷,2383
雕,2384
湿,2385
栖,2386
吵,2387
崭,2388
驯,2389
岭,2390
旷,2391
陌,2392
沾,2393
啡,2394
浩,2395
抉,2396
腕,2397
泻,2398
鹅,2399
œ,2400
夭,2401
á,2402
劾,2403
陪,2404
讳,2405
醉,2406
斤,2407
汤,2408
嘉,2409
娩,2410
珊,2411
冗,2412
笃,2413
姬,2414
逾,2415
咖,2416
碗,2417
莉,2418
稼,2419
卵,2420
Ž,2421
¼,2422
萌,2423
夹,2424
氓,2425
帜,2426
疹,2427
í,2428
胚,2429
寓,2430
倘,2431
骑,2432
―,2433
飘,2434
诀,2435
盐,2436
俑,2437
蜂,2438
郊,2439
犀,2440
炉,2441
兽,2442
喂,2443
骇,2444
斩,2445
县,2446
宠,2447
宛,2448
窘,2449
摒,2450
诫,2451
虔,2452
媲,2453
稽,2454
‚,2455
鄙,2456
滴,2457
谣,2458
睁,2459
枝,2460
彭,2461
杉,2462
贺,2463
颖,2464
帖,2465
颓,2466
锚,2467
删,2468
秒,2469
曙,2470
逍,2471
亟,2472
棉,2473
孱,2474
焚,2475
斑,2476
墓,2477
逸,2478
猫,2479
笨,2480
诡,2481
祈,2482
渎,2483
汹,2484
疼,2485
窟,2486
姑,2487
娅,2488
廊,2489
芒,2490
¹,2491
猖,2492
獗,2493
谦,2494
陋,2495
憧,2496
憬,2497
勋,2498
梵,2499
稚,2500
‰,2501
敛,2502
陵,2503
斐,2504
殴,2505
摘,2506
厢,2507
矶,2508
盼,2509
胃,2510
煌,2511
#,2512
淋,2513
掷,2514
扑,2515
孚,2516
狐,2517
谊,2518
蛇,2519
肾,2520
滤,2521
屑,2522
僧,2523
荐,2524
浸,2525
瞬,2526
拱,2527
聆,2528
甜,2529
砸,2530
睐,2531
惟,2532
悟,2533
叉,2534
凑,2535
蝇,2536
铸,2537
畸,2538
恭,2539
琼,2540
倪,2541
涡,2542
涩,2543
垫,2544
昧,2545
袒,2546
蔬,2547
栋,2548
咬,2549
驭,2550
喇,2551
嗤,2552
溺,2553
辍,2554
筋,2555
祭,2556
嫁,2557
秉,2558
鞋,2559
炫,2560
嘘,2561
磁,2562
铝,2563
肌,2564
噪,2565
宴,2566
饼,2567
纱,2568
侦,2569
&,2570
睛,2571
瘟,2572
巾,2573
踢,2574
­,2575
虏,2576
吻,2577
茂,2578
窝,2579
嫉,2580
扔,2581
丛,2582
爬,2583
琴,2584
‡,2585
惹,2586
嵌,2587
盆,2588
裹,2589
骂,2590
稿,2591
妈,2592
唾,2593
胸,2594
诅,2595
珀,2596
祷,2597
˜,2598
厦,2599
奎,2600
淫,2601
袤,2602
愧,2603
捏,2604
鹫,2605
½,2606
,2607
橙,2608
哺,2609
仙,2610
茅,2611
汀,2612
拳,2613
遴,2614
佬,2615
绊,2616
懒,2617
肚,2618
彦,2619
挨,2620
暇,2621
菅,2622
ã,2623
氮,2624
弦,2625
榨,2626
晨,2627
妓,2628
纤,2629
¿,2630
ˆ,2631
棱,2632
霉,2633
肇,2634
羡,2635
沼,2636
踵,2637
咋,2638
捆,2639
橄,2640
榄,2641
窒,2642
炒,2643
泪,2644
崎,2645
斡,2646
搅,2647
臃,2648
瑚,2649
溪,2650
磷,2651
´,2652
娃,2653
蹒,2654
跚,2655
匪,2656
蜜,2657
焕,2658
昨,2659
罔,2660
帽,2661
妖,2662
嘛,2663
猿,2664
赵,2665
浴,2666
ï,2667
饶,2668
晶,2669
弯,2670
贱,2671
爪,2672
啊,2673
勿,2674
诠,2675
伞,2676
禧,2677
歪,2678
昏,2679
晦,2680
盒,2681
兀,2682
倚,2683
攸,2684
绌,2685
浇,2686
壑,2687
ü,2688
铲,2689
帅,2690
庙,2691
芯,2692
棍,2693
泳,2694
拦,2695
捧,2696
狡,2697
膜,2698
紫,2699
,2700
巢,2701
<,2702
>,2703
柳,2704
绥,2705
裤,2706
蛊,2707
惰,2708
«,2709
朽,2710
坑,2711
戚,2712
喉,2713
趁,2714
桩,2715
羁,2716
觅,2717
¨,2718
¤,2719
潭,2720
羽,2721
堤,2722
硫,2723
竿,2724
凿,2725
躇,2726
衬,2727
狄,2728
缉,2729
肢,2730
殿,2731
昌,2732
ƒ,2733
亩,2734
娘,2735
荼,2736
鞭,2737
魏,2738
滨,2739
戛,2740
踩,2741
洒,2742
踌,2743
拷,2744
挟,2745
鸽,2746
姊,2747
¢,2748
忏,2749
剖,2750
株,2751
肠,2752
俯,2753
纹,2754
诋,2755
绵,2756
虾,2757
俭,2758
,2759
›,2760
¥,2761
禀,2762
爽,2763
刹,2764
粘,2765
矩,2766
矫,2767
肖,2768
喋,2769
磅,2770
剪,2771
逞,2772
挝,2773
诘,2774
硕,2775
痢,2776
吐,2777
Ÿ,2778
,2779
穴,2780
陀,2781
烙,2782
柄,2783
杭,2784
袱,2785
吝,2786
撇,2787
苟,2788
瞄,2789
毅,2790
椅,2791
萝,2792
撬,2793
恕,2794
锻,2795
铅,2796
胺,2797
,2798
玷,2799
吕,2800
迥,2801
哮,2802
浑,2803
熔,2804
傀,2805
儡,2806
恳,2807
浆,2808
觑,2809
熬,2810
恣,2811
焰,2812
藐,2813
氟,2814
哦,2815
侪,2816
扪,2817
婉,2818
谕,2819
祥,2820
痒,2821
鸭,2822
竹,2823
篱,2824
竖,2825
镕,2826
®,2827
皂,2828
缄,2829
魄,2830
诟,2831
胶,2832
隙,2833
锅,2834
蹶,2835
邸,2836
吴,2837
睦,2838
蚕,2839
_,2840
圳,2841
榷,2842
瘦,2843
怯,2844
砂,2845
à,2846
¶,2847
氯,2848
巅,2849
凉,2850
冯,2851
绰,2852
哨,2853
禽,2854
孵,2855
乞,2856
渥,2857
锈,2858
吊,2859
梭,2860
沈,2861
辕,2862
矢,2863
幌,2864
悼,2865
暧,2866
拐,2867
巷,2868
ö,2869
璃,2870
舟,2871
³,2872
艳,2873
蹊,2874
钵,2875
牟,2876
熄,2877
哭,2878
哗,2879
寂,2880
惶,2881
稣,2882
梗,2883
淀,2884
漩,2885
梳,2886
寝,2887
喧,2888
蒿,2889
坊,2890
傻,2891
刮,2892
苍,2893
帆,2894
鸠,2895
±,2896
伽,2897
沁,2898
§,2899
帷,2900
煎,2901
耿,2902
焉,2903
燥,2904
妒,2905
捣,2906
湄,2907
瞎,2908
晴,2909
俾,2910
蔡,2911
啦,2912
沛,2913
',2914
钝,2915
遑,2916
毙,2917
蹴,2918
睿,2919
萦,2920
罐,2921
溶,2922
躬,2923
疮,2924
躯,2925
钚,2926
懦,2927
猾,2928
揣,2929
冕,2930
窍,2931
冤,2932
铎,2933
†,2934
紊,2935
疚,2936
薯,2937
襟,2938
殃,2939
弓,2940
闷,2941
奄,2942
钥,2943
烹,2944
惫,2945
蕾,2946
轩,2947
缕,2948
吾,2949
恪,2950
Š,2951
£,2952
™,2953
‹,2954
闯,2955
枕,2956
厨,2957
橡,2958
赁,2959
饪,2960
坟,2961
朵,2962
纭,2963
衫,2964
毗,2965
篷,2966
诛,2967
炬,2968
嗜,2969
敷,2970
跛,2971
躺,2972
讦,2973
猴,2974
雌,2975
狠,2976
厕,2977
栗,2978
雏,2979
灶,2980
啬,2981
稠,2982
亵,2983
沥,2984
µ,2985
²,2986
蒋,2987
瑰,2988
溜,2989
郭,2990
贼,2991
坷,2992
芭,2993
淖,2994
膳,2995
匙,2996
悚,2997
悍,2998
酗,2999
泵,3000
绞,3001
辄,3002
弭,3003
浏,3004
锤,3005
秃,3006
仆,3007
粪,3008
扇,3009
腔,3010
龟,3011
剃,3012
柜,3013
唉,3014
婆,3015
侍,3016
鹿,3017
涸,3018
羹,3019
黛,3020
轿,3021
丸,3022
函,3023
卧,3024
掺,3025
茁,3026
沸,3027
槽,3028
弘,3029
扳,3030
恙,3031
呕,3032
桎,3033
梏,3034
搏,3035
楷,3036
屁,3037
扁,3038
赅,3039
篡,3040
廓,3041
©,3042
¦,3043
烛,3044
谚,3045
匀,3046
墅,3047
辽,3048
藤,3049
暑,3050
枭,3051
斧,3052
拧,3053
酶,3054
膝,3055
匠,3056
靶,3057
矮,3058
缛,3059
舵,3060
棕,3061
皈,3062
宋,3063
哄,3064
汶,3065
蛛,3066
陡,3067
遂,3068
爸,3069
坍,3070
玫,3071
蜡,3072
燎,3073
噤,3074
簿,3075
芜,3076
叔,3077
聋,3078
癖,3079
碾,3080
黜,3081
棚,3082
骆,3083
洽,3084
囿,3085
坪,3086
瑕,3087
绒,3088
狸,3089
吟,3090
滔,3091
翅,3092
¡,3093
煞,3094
妊,3095
娠,3096
矣,3097
荫,3098
兢,3099
媚,3100
赡,3101
咫,3102
髦,3103
膏,3104
壕,3105
唆,3106
囹,3107
圄,3108
炙,3109
凄,3110
碌,3111
椭,3112
鹤,3113
蕉,3114
镀,3115
嘎,3116
镳,3117
耍,3118
洼,3119
谭,3120
翘,3121
叮,3122
氨,3123
郑,3124
亥,3125
嘱,3126
茵,3127
趸,3128
恫,3129
疵,3130
迦,3131
毯,3132
绎,3133
杞,3134
嚷,3135
咆,3136
粟,3137
杨,3138
萃,3139
痼,3140
诩,3141
冉,3142
舱,3143
霾,3144
阪,3145
枷,3146
舶,3147
懊,3148
泼,3149
藩,3150
殉,3151
丙,3152
臆,3153
嗅,3154
!,3155
藻,3156
夥,3157
恃,3158
瑙,3159
吠,3160
菊,3161
讧,3162
涓,3163
卒,3164
孜,3165
▪,3166
赘,3167
觊,3168
漆,3169
锢,3170
墉,3171
悯,3172
蹩,3173
袍,3174
弩,3175
弛,3176
锯,3177
簸,3178
襁,3179
褓,3180
甄,3181
昙,3182
碱,3183
唇,3184
爷,3185
歹,3186
狩,3187
绷,3188
瞪,3189
睬,3190
甫,3191
膀,3192
缭,3193
谙,3194
脾,3195
眈,3196
弧,3197
漓,3198
驼,3199
抄,3200
褪,3201
缸,3202
妆,3203
硝,3204
馅,3205
觎,3206
讥,3207
棵,3208
隧,3209
贻,3210
咳,3211
冀,3212
攒,3213
茄,3214
诧,3215
忱,3216
棺,3217
褒,3218
兔,3219
榈,3220
蔗,3221
跋,3222
戳,3223
滕,3224
咸,3225
狮,3226
厥,3227
笋,3228
蜕,3229
诵,3230
磕,3231
娼,3232
晒,3233
岔,3234
邃,3235
铃,3236
牒,3237
烁,3238
窜,3239
驴,3240
伺,3241
肋,3242
椎,3243
怂,3244
眩,3245
糙,3246
徕,3247
擂,3248
ñ,3249
咽,3250
赈,3251
烩,3252
摔,3253
亘,3254
铉,3255
栽,3256
奧,3257
侥,3258
呐,3259
蹲,3260
诃,3261
谟,3262
殷,3263
嫖,3264
阂,3265
¬,3266
怠,3267
冥,3268
铐,3269
窿,3270
钳,3271
涎,3272
啤,3273
缆,3274
鹜,3275
豹,3276
桀,3277
骜,3278
烤,3279
傅,3280
泾,3281
渭,3282
绽,3283
饵,3284
恿,3285
燕,3286
婿,3287
疤,3288
侄,3289
曰,3290
孽,3291
狙,3292
塘,3293
$,3294
氰,3295
汞,3296
徐,3297
峭,3298
禅,3299
蚁,3300
戟,3301
ž,3302
挚,3303
涝,3304
渣,3305
琉,3306
汪,3307
鞑,3308
靼,3309
桃,3310
缮,3311
趟,3312
牍,3313
鳄,3314
睢,3315
酪,3316
蔚,3317
韵,3318
痍,3319
庶,3320
罄,3321
喹,3322
禄,3323
蠕,3324
剿,3325
愁,3326
捡,3327
蛾,3328
猬,3329
祟,3330
贤,3331
斋,3332
鳌,3333
泣,3334
枉,3335
沧,3336
骸,3337
铤,3338
畔,3339
瞥,3340
蚂,3341
胰,3342
汁,3343
．,3344
啮,3345
ª,3346
迂,3347
诲,3348
耽,3349
僻,3350
纬,3351
罂,3352
垦,3353
岖,3354
拭,3355
孰,3356
泌,3357
矗,3358
吼,3359
贞,3360
掂,3361
抖,3362
喙,3363
赃,3364
剽,3365
碟,3366
蜗,3367
渲,3368
逗,3369
晃,3370
芙,3371
筒,3372
朦,3373
胧,3374
腻,3375
臼,3376
臻,3377
叨,3378
烯,3379
楔,3380
ł,3381
槃,3382
锥,3383
鳕,3384
啥,3385
媾,3386
笛,3387
瘠,3388
鳍,3389
烬,3390
砥,3391
傍,3392
阉,3393
谩,3394
淌,3395
缀,3396
譬,3397
讹,3398
脔,3399
岑,3400
辰,3401
鞠,3402
卦,3403
擘,3404
棣,3405
聒,3406
跪,3407
ğ,3408
踊,3409
乒,3410
蜘,3411
猝,3412
箴,3413
翔,3414
芦,3415
凋,3416
î,3417
睽,3418
锌,3419
崔,3420
郡,3421
颤,3422
笆,3423
芸,3424
É,3425
秽,3426
饽,3427
绅,3428
眨,3429
翩,3430
ú,3431
佼,3432
ê,3433
沌,3434
讷,3435
挞,3436
釜,3437
芥,3438
暮,3439
懑,3440
轧,3441
鱿,3442
灿,3443
酌,3444
聩,3445
韬,3446
霄,3447
侃,3448
诬,3449
蜃,3450
茧,3451
玄,3452
骼,3453
仕,3454
莲,3455
麓,3456
锰,3457
乓,3458
愕,3459
酯,3460
窠,3461
唬,3462
嚼,3463
癣,3464
晾,3465
穹,3466
沂,3467
胥,3468
醛,3469
夯,3470
掮,3471
忿,3472
涟,3473
漪,3474
掐,3475
乖,3476
苷,3477
砝,3478
糜,3479
妃,3480
痊,3481
拮,3482
揪,3483
湛,3484
磐,3485
肓,3486
肴,3487
晕,3488
戎,3489
猥,3490
沆,3491
瀣,3492
杖,3493
辣,3494
脖,3495
俨,3496
骎,3497
瘁,3498
纂,3499
沓,3500
冶,3501
拂,3502
狈,3503
踞,3504
汐,3505
虞,3506
惺,3507
砌,3508
俏,3509
屹,3510
岳,3511
镖,3512
隅,3513
摈,3514
涤,3515
葱,3516
潦,3517
苯,3518
葫,3519
蕞,3520
酮,3521
贮,3522
袁,3523
啃,3524
虹,3525
鸵,3526
谲,3527
沐,3528
闸,3529
攘,3530
刁,3531
寇,3532
拣,3533
盔,3534
瀑,3535
薛,3536
魇,3537
â,3538
ć,3539
琢,3540
癫,3541
瞧,3542
镣,3543
俊,3544
呃,3545
偕,3546
岿,3547
邵,3548
毡,3549
豢,3550
於,3551
簧,3552
愎,3553
蹄,3554
澡,3555
捅,3556
辗,3557
倔,3558
姨,3559
斟,3560
蝉,3561
铢,3562
庐,3563
凤,3564
炽,3565
蝗,3566
榴,3567
荧,3568
踯,3569
臬,3570
馏,3571
佑,3572
壶,3573
皱,3574
撷,3575
曹,3576
寐,3577
笞,3578
碘,3579
钨,3580
谑,3581
觞,3582
沪,3583
靓,3584
丐,3585
鳞,3586
莓,3587
揉,3588
酱,3589
锂,3590
簇,3591
耄,3592
耋,3593
歼,3594
ń,3595
烫,3596
孢,3597
撩,3598
麾,3599
搀,3600
黏,3601
靴,3602
恤,3603
@,3604
霆,3605
桂,3606
镶,3607
瞰,3608
奂,3609
乾,3610
‑,3611
０,3612
氚,3613
褐,3614
敝,3615
熏,3616
茉,3617
钧,3618
柿,3619
黔,3620
谛,3621
砷,3622
馑,3623
盏,3624
莹,3625
坤,3626
忾,3627
扛,3628
侠,3629
锒,3630
铛,3631
谄,3632
涣,3633
栈,3634
豚,3635
骛,3636
貉,3637
碧,3638
蝴,3639
蝶,3640
蟒,3641
湎,3642
钮,3643
孀,3644
惴,3645
膺,3646
槟,3647
嚎,3648
〕,3649
馁,3650
遐,3651
殚,3652
躅,3653
痫,3654
拗,3655
邱,3656
噱,3657
琅,3658
岐,3659
瀚,3660
陲,3661
娴,3662
吏,3663
咯,3664
瑜,3665
纫,3666
帑,3667
茜,3668
逡,3669
啧,3670
囱,3671
疽,3672
钴,3673
咙,3674
匝,3675
叭,3676
粥,3677
堑,3678
２,3679
糅,3680
孪,3681
寰,3682
捂,3683
﹒,3684
蚱,3685
疱,3686
膦,3687
屯,3688
Ö,3689
鲑,3690
瘸,3691
犷,3692
叩,3693
荆,3694
儆,3695
颅,3696
遁,3697
沽,3698
踝,3699
Ｇ,3700
Ｄ,3701
１,3702
９,3703
卉,3704
蘑,3705
菇,3706
嘈,3707
澎,3708
湃,3709
怡,3710
怼,3711
菁,3712
拈,3713
嗓,3714
跷,3715
兮,3716
灼,3717
蛙,3718
黩,3719
腑,3720
阑,3721
羸,3722
砾,3723
懵,3724
醋,3725
啄,3726
玲,3727
珑,3728
犁,3729
脓,3730
樟,3731
〔,3732
嬉,3733
蒲,3734
宵,3735
宕,3736
蝠,3737
轫,3738
ş,3739
蛰,3740
呵,3741
煮,3742
浊,3743
浙,3744
镌,3745
嗽,3746
焖,3747
骷,3748
髅,3749
钽,3750
啼,3751
蜿,3752
蜒,3753
弋,3754
嘶,3755
逛,3756
惘,3757
孳,3758
泯,3759
腮,3760
濑,3761
抒,3762
捶,3763
谔,3764
锏,3765
č,3766
腓,3767
芋,3768
蟑,3769
螂,3770
淤,3771
椒,3772
饷,3773
竣,3774
拽,3775
菱,3776
霹,3777
雳,3778
哇,3779
筝,3780
徳,3781
嘀,3782
钋,3783
嫡,3784
纰,3785
裴,3786
奚,3787
５,3788
刨,3789
葵,3790
茬,3791
镁,3792
脯,3793
谶,3794
祀,3795
ε,3796
臀,3797
卯,3798
=,3799
幡,3800
羔,3801
轶,3802
趾,3803
舅,3804
薇,3805
哑,3806
胳,3807
娇,3808
鹏,3809
垢,3810
舔,3811
焊,3812
蹋,3813
媳,3814
【,3815
】,3816
篑,3817
帘,3818
烘,3819
髋,3820
岂,3821
霖,3822
搪,3823
呻,3824
媛,3825
瓷,3826
暨,3827
缰,3828
镉,3829
唳,3830
熨,3831
湮,3832
麟,3833
扈,3834
炊,3835
痉,3836
挛,3837
迸,3838
淳,3839
ø,3840
卤,3841
莠,3842
鳐,3843
榻,3844
*,3845
娓,3846
钾,3847
恸,3848
榭,3849
珉,3850
侏,3851
惬,3852
偃,3853
箍,3854
婊,3855
×,3856
揶,3857
揄,3858
幢,3859
惭,3860
廖,3861
彗,3862
鲔,3863
椰,3864
恬,3865
舛,3866
谆,3867
曳,3868
痰,3869
馊,3870
熠,3871
擢,3872
熵,3873
彬,3874
汝,3875
蛀,3876
孝,3877
佃,3878
跤,3879
蹿,3880
栓,3881
疴,3882
眷,3883
眺,3884
鼬,3885
ľ,3886
茎,3887
咕,3888
骰,3889
婶,3890
韪,3891
稷,3892
啉,3893
氘,3894
暹,3895
˚,3896
蔼,3897
‧,3898
酣,3899
铩,3900
幺,3901
杏,3902
赳,3903
佯,3904
Ｐ,3905
寞,3906
厩,3907
铰,3908
诿,3909
梢,3910
秦,3911
倭,3912
篝,3913
粱,3914
讣,3915
瞠,3916
嵘,3917
膊,3918
鹦,3919
鹉,3920
凛,3921
赊,3922
淮,3923
舐,3924
皎,3925
鞅,3926
凰,3927
檀,3928
甥,3929
嚏,3930
秸,3931
鲼,3932
髙,3933
忐,3934
忑,3935
栅,3936
砺,3937
篓,3938
辘,3939
睾,3940
飚,3941
唠,3942
勺,3943
︰,3944
疥,3945
陨,3946
谀,3947
６,3948
籁,3949
樊,3950
窑,3951
鲣,3952
～,3953
渝,3954
筱,3955
驮,3956
恍,3957
粤,3958
刍,3959
悸,3960
铂,3961
鳃,3962
忒,3963
滇,3964
趴,3965
呜,3966
纣,3967
斓,3968
颐,3969
匍,3970
匐,3971
矜,3972
疡,3973
鞥,3974
惋,3975
哂,3976
诙,3977
羚,3978
稔,3979
钠,3980
搓,3981
蹭,3982
娶,3983
耙,3984
蜱,3985
痞,3986
僭,3987
邂,3988
逅,3989
柠,3990
檬,3991
侬,3992
旭,3993
亢,3994
昵,3995
垠,3996
铬,3997
镍,3998
薰,3999
踉,4000
跄,4001
搔,4002
钛,4003
牡,4004
蛎,4005
蔻,4006
幄,4007
搡,4008
ē,4009
徽,4010
茹,4011
呱,4012
噎,4013
葩,4014
彷,4015
尹,4016
哟,4017
尉,4018
茱,4019
筏,4020
・,4021
狞,4022
鰩,4023
帚,4024
蜚,4025
楠,4026
翠,4027
缥,4028
缈,4029
磺,4030
屎,4031
綏,4032
呛,4033
趔,4034
趄,4035
祇,4036
膛,4037
俎,4038
喽,4039
堰,4040
憔,4041
悴,4042
芳,4043
崴,4044
豌,4045
琦,4046
啰,4047
拴,4048
峥,4049
窖,4050
蛔,4051
烽,4052
蛹,4053
麋,4054
咱,4055
荦,4056
绚,4057
蜷,4058
擒,4059
攥,4060
涕,4061
陕,4062
瓣,4063
蠵,4064
瘴,4065
揩,4066
鞍,4067
肛,4068
胱,4069
溴,4070
亭,4071
龃,4072
龉,4073
钼,4074
寮,4075
鄂,4076
澈,4077
孺,4078
霓,4079
琏,4080
７,4081
襄,4082
篪,4083
萸,4084
莞,4085
蒜,4086
徇,4087
荏,4088
晖,4089
瓢,4090
荟,4091
忝,4092
炯,4093
徜,4094
徉,4095
诶,4096
β,4097
扒,4098
蟾,4099
皑,4100
狒,4101
昼,4102
蜻,4103
蜓,4104
憩,4105
褥,4106
嘟,4107
囔,4108
邑,4109
婢,4110
钶,4111
硒,4112
涮,4113
ı,4114
橘,4115
淇,4116
翌,4117
咀,4118
蹉,4119
跎,4120
绣,4121
抠,4122
啜,4123
桅,4124
绦,4125
嗡,4126
凹,4127
拎,4128
帙,4129
玺,4130
淅,4131
俟,4132
蹬,4133
鸩,4134
阙,4135
瘪,4136
壹,4137
嗟,4138
刽,4139
炖,4140
恺,4141
蝾,4142
螈,4143
籽,4144
衮,4145
阮,4146
喑,4147
噶,4148
珐,4149
咧,4150
蹑,4151
蜢,4152
葺,4153
維,4154
聂,4155
酰,4156
颧,4157
颚,4158
竽,4159
朊,4160
颌,4161
镰,4162
烃,4163
溅,4164
梨,4165
泱,4166
姚,4167
嗣,4168
吭,4169
焙,4170
磊,4171
桓,4172
慵,4173
镐,4174
嗝,4175
颦,4176
撸,4177
夙,4178
醍,4179
醐,4180
黝,4181
尧,4182
苔,4183
黠,4184
肼,4185
孛,4186
锣,4187
檄,4188
蛉,4189
闺,4190
呗,4191
俚,4192
絮,4193
哼,4194
拇,4195
叽,4196
喳,4197
笈,4198
蹦,4199
唁,4200
葆,4201
蝎,4202
祢,4203
奕,4204
捋,4205
豺,4206
杓,4207
岱,4208
蚤,4209
檐,4210
獭,4211
蜥,4212
蜴,4213
秧,4214
鏖,4215
嗯,4216
嘿,4217
虻,4218
祛,4219
妞,4220
袜,4221
匕,4222
陛,4223
狰,4224
钏,4225
翎,4226
鬃,4227
殇,4228
诏,4229
墩,4230
樱,4231
唑,4232
骡,4233
哔,4234
８,4235
３,4236
栩,4237
酚,4238
戾,4239
枞,4240
翡,4241
饺,4242
瘘,4243
Ａ,4244
硼,4245
舷,4246
镯,4247
癔,4248
劈,4249
樽,4250
稅,4251
摹,4252
鲠,4253
嗦,4254
屉,4255
囧,4256
萊,4257
狍,4258
哩,4259
螃,4260
蟹,4261
怙,4262
悛,4263
璜,4264
蹚,4265
冢,4266
幂,4267
哽,4268
妪,4269
氡,4270
掴,4271
嗔,4272
谘,4273
蹼,4274
鹬,4275
竺,4276
橹,4277
瞟,4278
晷,4279
龌,4280
龊,4281
轱,4282
掖,4283
嫂,4284
喔,4285
犸,4286
杵,4287
牾,4288
雍,4289
汜,4290
倨,4291
環,4292
椟,4293
燧,4294
佚,4295
浃,4296
雁,4297
睥,4298
睨,4299
昉,4300
踱,4301
娟,4302
祠,4303
闽,4304
斌,4305
鳗,4306
杳,4307
栉,4308
糯,4309
抡,4310
弑,4311
苒,4312
佗,4313
殍,4314
骐,4315
忸,4316
怩,4317
猞,4318
猁,4319
陴,4320
莅,4321
繽,4322
洄,4323
眶,4324
Ò,4325
蜍,4326
虱,4327
馋,4328
泗,4329
娿,4330
俦,4331
İ,4332
佰,4333
赭,4334
の,4335
钕,4336
镝,4337
铒,4338
铈,4339
哉,4340
娄,4341
驽,4342
缎,4343
馨,4344
圜,4345
盅,4346
愠,4347
Å,4348
靈,4349
渍,4350
萩,4351
敕,4352
秤,4353
蹙,4354
挈,4355
扉,4356
阡,4357
俳,4358
俺,4359
鸷,4360
腱,4361
牦,4362
敖,4363
藜,4364
蠹,4365
／,4366
艿,4367
禾,4368
濡,4369
麽,4370
凳,4371
匣,4372
蝌,4373
蚪,4374
耷,4375
琛,4376
湍,4377
痘,4378
肽,4379
疙,4380
瘩,4381
捱,4382
钙,4383
泞,4384
［,4385
］,4386
邋,4387
遢,4388
叼,4389
砰,4390
颞,4391
遨,4392
脍,4393
渤,4394
佞,4395
锄,4396
铆,4397
葚,4398
秣,4399
揠,4400
Ó,4401
札,4402
觐,4403
讫,4404
猕,4405
灸,4406
龈,4407
姣,4408
囫,4409
囵,4410
ō,4411
遛,4412
颊,4413
掳,4414
旃,4415
蕊,4416
辫,4417
娑,4418
剐,4419
纶,4420
锗,4421
镓,4422
芹,4423
殒,4424
霞,4425
颟,4426
顸,4427
拄,4428
魯,4429
薩,4430
赓,4431
唔,4432
増,4433
耘,4434
羌,4435
壬,4436
嗖,4437
皿,4438
笠,4439
谧,4440
刈,4441
铯,4442
袂,4443
蝙,4444
琵,4445
衲,4446
掰,4447
裆,4448
缢,4449
ë,4450
饴,4451
訇,4452
剞,4453
劂,4454
＆,4455
滓,4456
叵,4457
孑,4458
孓,4459
嶙,4460
峋,4461
痂,4462
铍,4463
鄢,4464
帼,4465
疝,4466
跬,4467
拌,4468
俸,4469
雉,4470
诤,4471
盥,4472
蟋,4473
蟀,4474
碲,4475
楞,4476
嬴,4477
粕,4478
鵟,4479
暄,4480
缤,4481
笹,4482
脐,4483
诣,4484
哎,4485
钌,4486
铱,4487
捭,4488
阖,4489
舀,4490
泮,4491
羟,4492
庖,4493
啕,4494
呲,4495
璧,4496
戕,4497
碜,4498
揿,4499
伥,4500
皓,4501
堙,4502
笫,4503
荚,4504
鳏,4505
坩,4506
埚,4507
溘,4508
藕,4509
藓,4510
爹,4511
肱,4512
憋,4513
蟊,4514
屐,4515
嘻,4516
Ｓ,4517
艮,4518
叱,4519
咤,4520
吩,4521
咐,4522
戍,4523
呀,4524
淼,4525
殄,4526
犊,4527
桨,4528
衿,4529
撺,4530
掇,4531
ô,4532
桔,4533
踹,4534
邡,4535
祁,4536
赝,4537
Т,4538
ы,4539
́,4540
н,4541
д,4542
а,4543
呓,4544
桦,4545
瞌,4546
û,4547
厮,4548
懋,4549
氅,4550
內,4551
馕,4552
酥,4553
娈,4554
嗨,4555
髻,4556
伶,4557
俐,4558
秆,4559
阎,4560
淑,4561
迩,4562
峪,4563
Í,4564
圉,4565
鲯,4566
鳅,4567
鳁,4568
鲷,4569
麝,4570
浚,4571
倜,4572
傥,4573
酩,4574
蚌,4575
腩,4576
咏,4577
藿,4578
À,4579
柑,4580
Ｍ,4581
誊,4582
叻,4583
餍,4584
筷,4585
冽,4586
吮,4587
罅,4588
嗑,4589
矍,4590
铄,4591
琥,4592
槁,4593
嗒,4594
坯,4595
禹,4596
捺,4597
忖,4598
锃,4599
Ú,4600
彪,4601
惆,4602
怅,4603
≤,4604
怆,4605
螨,4606
怦,4607
讴,4608
蘼,4609
瘙,4610
橱,4611
徨,4612
α,4613
桁,4614
烨,4615
巍,4616
氪,4617
氙,4618
UNK,0
PAD,1
